#
# A fatal error has been detected by the Java Runtime Environment:
#
#  EXCEPTION_ACCESS_VIOLATION (0xc0000005) at pc=0x0000000000000032, pid=2548, tid=11832
#
# JRE version: OpenJDK Runtime Environment Microsoft-14941484 (21.0.12.1+1) (build 21.0.12.1+1-LTS)
# Java VM: OpenJDK 64-Bit Server VM Microsoft-14941484 (21.0.12.1+1-LTS, mixed mode, sharing, tiered, compressed oops, compressed class ptrs, g1 gc, windows-amd64)
# Problematic frame:
# V  [jvm.dll+0x36a84b]
#
# No core dump will be written. Minidumps are not enabled by default on client versions of Windows
#
# If you would like to submit a bug report, please visit:
#   https://github.com/microsoft/openjdk/issues
#

---------------  S U M M A R Y ------------

Command Line: --add-opens=java.base/java.util=ALL-UNNAMED --add-opens=java.base/java.lang=ALL-UNNAMED --add-opens=java.base/java.lang.invoke=ALL-UNNAMED --add-opens=java.prefs/java.util.prefs=ALL-UNNAMED --add-opens=java.base/java.nio.charset=ALL-UNNAMED --add-opens=java.base/java.net=ALL-UNNAMED --add-opens=java.base/java.util.concurrent.atomic=ALL-UNNAMED -Xmx2048m -Dfile.encoding=UTF-8 -Duser.country=AU -Duser.language=en -Duser.variant -javaagent:C:\Users\peter\.gradle\wrapper\dists\gradle-8.7-bin\bhs2wmbdwecv87pi65oeuq5iu\gradle-8.7\lib\agents\gradle-instrumentation-agent-8.7.jar org.gradle.launcher.daemon.bootstrap.GradleDaemon 8.7

Host: Intel(R) Core(TM) i5-2500K CPU @ 3.30GHz, 4 cores, 7G,  Windows 10 , 64 bit Build 19041 (10.0.19041.5915)
Time: Thu Sep  3 10:33:04 2026 AUS Eastern Standard Time elapsed time: 1347.879462 seconds (0d 0h 22m 27s)

---------------  T H R E A D  ---------------

Current thread (0x0000018864b86c40):  WorkerThread "GC Thread#2"    [id=11832, stack(0x0000004916200000,0x0000004916300000) (1024K)]

Stack: [0x0000004916200000,0x0000004916300000],  sp=0x00000049162fe0d0,  free space=1016k
Native frames: (J=compiled Java code, j=interpreted, Vv=VM code, C=native code)
C  0x0000000000000032  (no source info available)

JavaThread 0x000001886fa50770 (nid = 5092) was being processed
Java frames: (J=compiled Java code, j=interpreted, Vv=VM code)
v  ~RuntimeStub::_new_array_Java 0x00000188580f75a9
J 48362 c2 com.android.tools.r8.graph.H2.o0()Ljava/lang/String; (24 bytes) @ 0x00000188591e87b0 [0x00000188591e8040+0x0000000000000770]
J 44467 c2 com.android.tools.r8.graph.B1.a(Lcom/android/tools/r8/graph/I2;Lcom/android/tools/r8/graph/E2;Lcom/android/tools/r8/graph/H2;)Lcom/android/tools/r8/graph/w2; (31 bytes) @ 0x00000188596118a8 [0x00000188596116e0+0x00000000000001c8]
J 44109 c1 com.android.tools.r8.graph.a4.a(Lcom/android/tools/r8/graph/I2;Ljava/lang/String;Ljava/lang/String;)Lcom/android/tools/r8/graph/w2; (25 bytes) @ 0x0000018850f2488c [0x0000018850f24180+0x000000000000070c]
J 44307 c1 com.android.tools.r8.graph.m4.a(ILjava/lang/String;Ljava/lang/String;Ljava/lang/String;Z)V (62 bytes) @ 0x000001885104ef2c [0x000001885104ee40+0x00000000000000ec]
J 44283 c1 com.android.tools.r8.internal.hd.a(Lcom/android/tools/r8/internal/YO;Lcom/android/tools/r8/internal/Vg;I)V (6886 bytes) @ 0x0000018850dc072c [0x0000018850db5100+0x000000000000b62c]
J 44256 c1 com.android.tools.r8.internal.hd.a(Lcom/android/tools/r8/internal/sd;[Lcom/android/tools/r8/internal/H4;I)V (5094 bytes) @ 0x0000018851e1817c [0x0000018851e09d60+0x000000000000e41c]
J 48124 c1 com.android.tools.r8.graph.n4.a(Lcom/android/tools/r8/graph/g4;Z)V (282 bytes) @ 0x00000188520f9984 [0x00000188520f93c0+0x00000000000005c4]
J 48460 c1 com.android.tools.r8.graph.n4.H0()V (256 bytes) @ 0x00000188515d11f4 [0x00000188515d1160+0x0000000000000094]
J 48123 c1 com.android.tools.r8.graph.n4$$Lambda+0x0000018802cb3130.run()V (8 bytes) @ 0x00000188520fa2ac [0x00000188520fa240+0x000000000000006c]
J 44387 c1 com.android.tools.r8.internal.to$$Lambda+0x0000018802c80d30.get()Ljava/lang/Object; (8 bytes) @ 0x00000188536ccb04 [0x00000188536cc9c0+0x0000000000000144]
J 48400 c1 com.android.tools.r8.internal.to.a(Lcom/android/tools/r8/origin/Origin;Lcom/android/tools/r8/position/Position;Ljava/util/function/Supplier;)Ljava/lang/Object; (141 bytes) @ 0x00000188536380f4 [0x0000018853638000+0x00000000000000f4]
J 44414 c1 com.android.tools.r8.graph.n4.H()Lcom/android/tools/r8/graph/G; (53 bytes) @ 0x0000018851031cb4 [0x0000018851031480+0x0000000000000834]
J 48491 c1 com.android.tools.r8.internal.fc.a(Lcom/android/tools/r8/graph/A5;Lcom/android/tools/r8/graph/w5;Lcom/android/tools/r8/shaking/M;)V (859 bytes) @ 0x00000188515c3fdc [0x00000188515c3ee0+0x00000000000000fc]
J 48601 c1 com.android.tools.r8.D8.a(Lcom/android/tools/r8/internal/fc;Lcom/android/tools/r8/graph/D2;)V (21 bytes) @ 0x0000018852c967ac [0x0000018852c96580+0x000000000000022c]
J 48602 c1 com.android.tools.r8.D8$$Lambda+0x0000018802caea00.accept(Ljava/lang/Object;)V (12 bytes) @ 0x0000018852c9622c [0x0000018852c960c0+0x000000000000016c]
J 44428 c1 com.android.tools.r8.internal.dh0$$Lambda+0x0000018802caf070.accept(Ljava/lang/Object;I)V (10 bytes) @ 0x00000188523c0c04 [0x00000188523c0ac0+0x0000000000000144]
J 44484 c1 com.android.tools.r8.internal.dh0$$Lambda+0x0000018802cb0660.accept(Ljava/lang/Object;I)V (12 bytes) @ 0x0000018852efdccc [0x0000018852efdbc0+0x000000000000010c]
J 44483 c1 com.android.tools.r8.internal.dh0$$Lambda+0x0000018802cb0cb0.a(Ljava/lang/Object;I)Ljava/lang/Object; (10 bytes) @ 0x0000018852efba04 [0x0000018852efb8c0+0x0000000000000144]
J 44481 c1 com.android.tools.r8.internal.dh0$$Lambda+0x0000018802cb2490.call()Ljava/lang/Object; (16 bytes) @ 0x0000018852de8b14 [0x0000018852de89c0+0x0000000000000154]
J 44631 c1 com.google.common.util.concurrent.TrustedListenableFutureTask$TrustedFutureInterruptibleTask.runInterruptibly()Ljava/lang/Object; (10 bytes) @ 0x00000188529e3ecc [0x00000188529e3dc0+0x000000000000010c]
J 44454 c1 com.google.common.util.concurrent.InterruptibleTask.run()V (190 bytes) @ 0x00000188524a9754 [0x00000188524a8f40+0x0000000000000814]
J 44718 c1 com.google.common.util.concurrent.AbstractListeningExecutorService.submit(Ljava/util/concurrent/Callable;)Ljava/util/concurrent/Future; (6 bytes) @ 0x000001885153f9ec [0x000001885153f660+0x000000000000038c]
J 44234 c1 com.android.tools.r8.internal.Qg0.a(Ljava/util/concurrent/Callable;)V (25 bytes) @ 0x0000018852c2d97c [0x0000018852c2d7e0+0x000000000000019c]
J 44480 c1 com.android.tools.r8.internal.dh0.a(Lcom/android/tools/r8/internal/Qg0;Lcom/android/tools/r8/internal/uh0;ILjava/lang/Object;)V (30 bytes) @ 0x0000018851945e3c [0x0000018851945840+0x00000000000005fc]
J 44486 c1 com.android.tools.r8.internal.dh0$$Lambda+0x0000018802cb1528.a(ILjava/lang/Object;)V (14 bytes) @ 0x00000188530014dc [0x0000018853001440+0x000000000000009c]
J 44432 c1 com.android.tools.r8.internal.Sq$$Lambda+0x0000018802cb1de8.accept(Ljava/lang/Object;)V (13 bytes) @ 0x0000018852607fdc [0x0000018852607de0+0x00000000000001fc]
J 20069 c2 java.util.ArrayList.forEach(Ljava/util/function/Consumer;)V java.base@21.0.12.1 (74 bytes) @ 0x0000018858939d90 [0x0000018858939ca0+0x00000000000000f0]
j  com.android.tools.r8.internal.dh0$$Lambda+0x0000018802cb0000.forEach(Ljava/util/function/Consumer;)V+5
j  com.android.tools.r8.internal.Sq.a(Lcom/android/tools/r8/internal/sA;)V+14
j  com.android.tools.r8.internal.dh0.a(Lcom/android/tools/r8/internal/Sq;Lcom/android/tools/r8/internal/uh0;Ljava/util/function/Predicate;Lcom/android/tools/r8/threading/ThreadingModule;Ljava/util/concurrent/ExecutorService;)Ljava/util/ArrayList;+25
j  com.android.tools.r8.internal.dh0.a(Lcom/android/tools/r8/internal/Sq;Lcom/android/tools/r8/internal/th0;Lcom/android/tools/r8/threading/ThreadingModule;Ljava/util/concurrent/ExecutorService;)V+10
j  com.android.tools.r8.internal.dh0.a(Ljava/util/Collection;Lcom/android/tools/r8/internal/vL;Lcom/android/tools/r8/threading/ThreadingModule;Ljava/util/concurrent/ExecutorService;Lcom/android/tools/r8/internal/dh0$a;)V+33
j  com.android.tools.r8.internal.dh0.a(Ljava/util/Collection;Ljava/util/function/Consumer;Lcom/android/tools/r8/threading/ThreadingModule;Ljava/util/concurrent/ExecutorService;)V+16
j  com.android.tools.r8.D8.d(Lcom/android/tools/r8/utils/i;Lcom/android/tools/r8/internal/vB;Ljava/util/concurrent/ExecutorService;)V+239
j  com.android.tools.r8.D8.b(Lcom/android/tools/r8/utils/i;Lcom/android/tools/r8/internal/vB;Ljava/util/concurrent/ExecutorService;)V+3
j  com.android.tools.r8.D8$$Lambda+0x0000018802c7cd30.run()V+12
j  com.android.tools.r8.internal.to.a(Lcom/android/tools/r8/internal/x50;Lcom/android/tools/r8/internal/to$a;)V+2
j  com.android.tools.r8.internal.to.b(Lcom/android/tools/r8/internal/x50;Lcom/android/tools/r8/internal/to$a;)V+2
j  com.android.tools.r8.D8.run(Lcom/android/tools/r8/D8Command;Ljava/util/concurrent/ExecutorService;)V+22
j  com.android.builder.dexing.D8DexArchiveBuilder.convert(Ljava/util/stream/Stream;Ljava/nio/file/Path;Ljava/nio/file/Path;Lcom/android/builder/dexing/DependencyGraphUpdater;)V+298
j  com.android.build.gradle.internal.dependency.BaseDexingTransform.process(Ljava/io/File;Lkotlin/jvm/functions/Function2;Ljava/util/List;Ljava/io/File;Ljava/io/File;ZLcom/android/build/gradle/internal/dependency/DesugarGraph;)V+798
j  com.android.build.gradle.internal.dependency.BaseDexingTransform.processNonIncrementally(Ljava/io/File;Ljava/util/List;Ljava/io/File;Ljava/io/File;ZLjava/io/File;)V+84
j  com.android.build.gradle.internal.dependency.BaseDexingTransform.transform(Lorg/gradle/api/artifacts/transform/TransformOutputs;)V+381
J 42349 c1 org.gradle.api.internal.artifacts.transform.DefaultTransform.transform(Lorg/gradle/api/provider/Provider;Ljava/io/File;Lorg/gradle/api/internal/artifacts/transform/TransformDependencies;Lorg/gradle/work/InputChanges;)Lorg/gradle/api/internal/artifacts/transform/TransformExecutionResult; (53 bytes) @ 0x00000188525de5a4 [0x00000188525de120+0x0000000000000484]
J 42966 c1 org.gradle.api.internal.artifacts.transform.AbstractTransformExecution$2.call(Lorg/gradle/internal/operations/BuildOperationContext;)Lorg/gradle/api/internal/artifacts/transform/TransformExecutionResult; (110 bytes) @ 0x000001885159f16c [0x000001885159e9c0+0x00000000000007ac]
J 42348 c1 org.gradle.api.internal.artifacts.transform.AbstractTransformExecution$2.call(Lorg/gradle/internal/operations/BuildOperationContext;)Ljava/lang/Object; (6 bytes) @ 0x0000018851eb8054 [0x0000018851eb7fc0+0x0000000000000094]
J 42440 c2 org.gradle.internal.operations.DefaultBuildOperationRunner$CallableBuildOperationWorker.execute(Lorg/gradle/internal/operations/BuildOperation;Lorg/gradle/internal/operations/BuildOperationContext;)V (10 bytes) @ 0x0000018858ee9218 [0x0000018858ee91a0+0x0000000000000078]
J 32860 c2 org.gradle.internal.operations.DefaultBuildOperationRunner$2.execute(Lorg/gradle/internal/operations/BuildOperationDescriptor;Lorg/gradle/internal/operations/BuildOperationState;Lorg/gradle/internal/operations/BuildOperationState;Lorg/gradle/internal/operations/DefaultBuildOperationRunner$ReadableBuildOperationContext;Lorg/gradle/internal/operations/DefaultBuildOperationRunner$BuildOperationExecutionListener;)Lorg/gradle/internal/operations/BuildOperation; (110 bytes) @ 0x000001885894a1d8 [0x0000018858949920+0x00000000000008b8]
J 42337 c2 org.gradle.internal.operations.DefaultBuildOperationRunner.execute(Lorg/gradle/internal/operations/BuildOperationDescriptor$Builder;Lorg/gradle/internal/operations/BuildOperationState;Lorg/gradle/internal/operations/DefaultBuildOperationRunner$BuildOperationExecution;)Ljava/lang/Object; (147 bytes) @ 0x0000018858a76600 [0x0000018858a75e00+0x0000000000000800]
J 42375 c2 org.gradle.internal.operations.DefaultBuildOperationRunner.call(Lorg/gradle/internal/operations/CallableBuildOperation;)Ljava/lang/Object; (24 bytes) @ 0x00000188589de150 [0x00000188589ddf80+0x00000000000001d0]
J 34728 c1 org.gradle.api.internal.artifacts.transform.AbstractTransformExecution.executeWithinTransformerListener(Lorg/gradle/internal/execution/UnitOfWork$ExecutionRequest;)Lorg/gradle/internal/execution/UnitOfWork$WorkOutput; (32 bytes) @ 0x0000018850c3c6dc [0x0000018850c3c420+0x00000000000002bc]
J 34727 c1 org.gradle.api.internal.artifacts.transform.AbstractTransformExecution.execute(Lorg/gradle/internal/execution/UnitOfWork$ExecutionRequest;)Lorg/gradle/internal/execution/UnitOfWork$WorkOutput; (62 bytes) @ 0x0000018851361a5c [0x0000018851361900+0x000000000000015c]
J 34394 c1 org.gradle.internal.execution.steps.ExecuteStep.executeInternal(Lorg/gradle/internal/execution/UnitOfWork;Lorg/gradle/internal/execution/steps/InputChangesContext;)Lorg/gradle/internal/execution/steps/Result; (78 bytes) @ 0x00000188512fd294 [0x00000188512fce20+0x0000000000000474]
J 42494 c1 org.gradle.internal.execution.steps.ExecuteStep$1.call(Lorg/gradle/internal/operations/BuildOperationContext;)Ljava/lang/Object; (6 bytes) @ 0x0000018851cee264 [0x0000018851cee160+0x0000000000000104]
J 42440 c2 org.gradle.internal.operations.DefaultBuildOperationRunner$CallableBuildOperationWorker.execute(Lorg/gradle/internal/operations/BuildOperation;Lorg/gradle/internal/operations/BuildOperationContext;)V (10 bytes) @ 0x0000018858ee9218 [0x0000018858ee91a0+0x0000000000000078]
J 32860 c2 org.gradle.internal.operations.DefaultBuildOperationRunner$2.execute(Lorg/gradle/internal/operations/BuildOperationDescriptor;Lorg/gradle/internal/operations/BuildOperationState;Lorg/gradle/internal/operations/BuildOperationState;Lorg/gradle/internal/operations/DefaultBuildOperationRunner$ReadableBuildOperationContext;Lorg/gradle/internal/operations/DefaultBuildOperationRunner$BuildOperationExecutionListener;)Lorg/gradle/internal/operations/BuildOperation; (110 bytes) @ 0x000001885894a1d8 [0x0000018858949920+0x00000000000008b8]
J 42337 c2 org.gradle.internal.operations.DefaultBuildOperationRunner.execute(Lorg/gradle/internal/operations/BuildOperationDescriptor$Builder;Lorg/gradle/internal/operations/BuildOperationState;Lorg/gradle/internal/operations/DefaultBuildOperationRunner$BuildOperationExecution;)Ljava/lang/Object; (147 bytes) @ 0x0000018858a76600 [0x0000018858a75e00+0x0000000000000800]
J 42375 c2 org.gradle.internal.operations.DefaultBuildOperationRunner.call(Lorg/gradle/internal/operations/CallableBuildOperation;)Ljava/lang/Object; (24 bytes) @ 0x00000188589de150 [0x00000188589ddf80+0x00000000000001d0]
J 40576 c1 org.gradle.internal.execution.steps.ExecuteStep.execute(Lorg/gradle/internal/execution/UnitOfWork;Lorg/gradle/internal/execution/steps/ChangingOutputsContext;)Lorg/gradle/internal/execution/steps/Result; (37 bytes) @ 0x0000018852e60584 [0x0000018852e60180+0x0000000000000404]
J 40575 c1 org.gradle.internal.execution.steps.ExecuteStep.execute(Lorg/gradle/internal/execution/UnitOfWork;Lorg/gradle/internal/execution/steps/Context;)Lorg/gradle/internal/execution/steps/Result; (10 bytes) @ 0x0000018852e60e3c [0x0000018852e60cc0+0x000000000000017c]
J 42405 c1 org.gradle.internal.execution.steps.CancelExecutionStep.execute(Lorg/gradle/internal/execution/UnitOfWork;Lorg/gradle/internal/execution/steps/Context;)Lorg/gradle/internal/execution/steps/Result; (168 bytes) @ 0x0000018852715c3c [0x0000018852715600+0x000000000000063c]
J 40573 c1 org.gradle.internal.execution.steps.TimeoutStep.execute(Lorg/gradle/internal/execution/UnitOfWork;Lorg/gradle/internal/execution/steps/Context;)Lorg/gradle/internal/execution/steps/Result; (96 bytes) @ 0x0000018852e621ec [0x0000018852e617e0+0x0000000000000a0c]
J 43192 c1 org.gradle.internal.execution.steps.PreCreateOutputParentsStep.execute(Lorg/gradle/internal/execution/UnitOfWork;Lorg/gradle/internal/execution/steps/ChangingOutputsContext;)Lorg/gradle/internal/execution/steps/Result; (30 bytes) @ 0x0000018850c54c4c [0x0000018850c548e0+0x000000000000036c]
J 42493 c1 org.gradle.internal.execution.steps.PreCreateOutputParentsStep.execute(Lorg/gradle/internal/execution/UnitOfWork;Lorg/gradle/internal/execution/steps/Context;)Lorg/gradle/internal/execution/steps/Result; (10 bytes) @ 0x0000018851c1c5ac [0x0000018851c1c440+0x000000000000016c]
J 42491 c1 org.gradle.internal.execution.steps.BroadcastChangingOutputsStep.execute(Lorg/gradle/internal/execution/UnitOfWork;Lorg/gradle/internal/execution/steps/InputChangesContext;)Lorg/gradle/internal/execution/steps/Result; (90 bytes) @ 0x000001885251a2dc [0x00000188525190e0+0x00000000000011fc]
J 42490 c1 org.gradle.internal.execution.steps.BroadcastChangingOutputsStep.execute(Lorg/gradle/internal/execution/UnitOfWork;Lorg/gradle/internal/execution/steps/Context;)Lorg/gradle/internal/execution/steps/Result; (10 bytes) @ 0x0000018851a7102c [0x0000018851a70ec0+0x000000000000016c]
J 42949 c1 org.gradle.internal.execution.steps.NoInputChangesStep.execute(Lorg/gradle/internal/execution/UnitOfWork;Lorg/gradle/internal/execution/steps/ValidationFinishedContext;)Lorg/gradle/internal/execution/steps/Result; (29 bytes) @ 0x00000188515a5614 [0x00000188515a4a20+0x0000000000000bf4]
J 40613 c1 org.gradle.internal.execution.steps.NoInputChangesStep.execute(Lorg/gradle/internal/execution/UnitOfWork;Lorg/gradle/internal/execution/steps/Context;)Lorg/gradle/internal/execution/steps/Result; (10 bytes) @ 0x000001885300fabc [0x000001885300f940+0x000000000000017c]
J 42504 c1 org.gradle.internal.execution.steps.CaptureOutputsAfterExecutionStep.execute(Lorg/gradle/internal/execution/UnitOfWork;Lorg/gradle/internal/execution/steps/WorkspaceContext;)Lorg/gradle/internal/execution/steps/AfterExecutionResult; (56 bytes) @ 0x00000188512f677c [0x00000188512f6640+0x000000000000013c]
J 42503 c1 org.gradle.internal.execution.steps.CaptureOutputsAfterExecutionStep.execute(Lorg/gradle/internal/execution/UnitOfWork;Lorg/gradle/internal/execution/steps/Context;)Lorg/gradle/internal/execution/steps/Result; (10 bytes) @ 0x0000018851c4542c [0x0000018851c452c0+0x000000000000016c]
J 42977 c1 org.gradle.internal.execution.steps.BuildCacheStep$$Lambda+0x0000018802056b80.apply(Ljava/lang/Object;)Ljava/lang/Object; (20 bytes) @ 0x0000018851599d6c [0x0000018851599ae0+0x000000000000028c]
J 42403 c1 org.gradle.internal.execution.steps.BuildCacheStep.execute(Lorg/gradle/internal/execution/UnitOfWork;Lorg/gradle/internal/execution/steps/WorkspaceContext;)Lorg/gradle/internal/execution/steps/AfterExecutionResult; (32 bytes) @ 0x000001885227b4ec [0x000001885227a8c0+0x0000000000000c2c]
J 42402 c1 org.gradle.internal.execution.steps.BuildCacheStep.execute(Lorg/gradle/internal/execution/UnitOfWork;Lorg/gradle/internal/execution/steps/Context;)Lorg/gradle/internal/execution/steps/Result; (10 bytes) @ 0x000001885161e0bc [0x000001885161df40+0x000000000000017c]
J 42513 c1 org.gradle.internal.execution.steps.NeverUpToDateStep.execute(Lorg/gradle/internal/execution/UnitOfWork;Lorg/gradle/internal/execution/steps/NonIncrementalCachingContext;)Lorg/gradle/internal/execution/steps/UpToDateResult; (27 bytes) @ 0x0000018852bcf36c [0x0000018852bcf260+0x000000000000010c]
J 42512 c1 org.gradle.internal.execution.steps.NeverUpToDateStep.execute(Lorg/gradle/internal/execution/UnitOfWork;Lorg/gradle/internal/execution/steps/Context;)Lorg/gradle/internal/execution/steps/Result; (10 bytes) @ 0x0000018851cc322c [0x0000018851cc30c0+0x000000000000016c]
J 42401 c1 org.gradle.internal.execution.steps.legacy.MarkSnapshottingInputsFinishedStep.execute(Lorg/gradle/internal/execution/UnitOfWork;Lorg/gradle/internal/execution/steps/Context;)Lorg/gradle/internal/execution/steps/Result; (10 bytes) @ 0x00000188526018f4 [0x0000018852601500+0x00000000000003f4]
J 42511 c1 org.gradle.internal.execution.steps.ResolveNonIncrementalCachingStateStep.executeDelegate(Lorg/gradle/internal/execution/UnitOfWork;Lorg/gradle/internal/execution/steps/ValidationFinishedContext;Lorg/gradle/internal/execution/caching/CachingState;)Lorg/gradle/internal/execution/steps/UpToDateResult; (23 bytes) @ 0x000001885213f304 [0x000001885213e900+0x0000000000000a04]
J 40593 c1 org.gradle.internal.execution.steps.AbstractResolveCachingStateStep.execute(Lorg/gradle/internal/execution/UnitOfWork;Lorg/gradle/internal/execution/steps/ValidationFinishedContext;)Lorg/gradle/internal/execution/steps/CachingResult; (67 bytes) @ 0x0000018851ab2484 [0x0000018851ab08c0+0x0000000000001bc4]
J 42488 c1 org.gradle.internal.execution.steps.AbstractResolveCachingStateStep.execute(Lorg/gradle/internal/execution/UnitOfWork;Lorg/gradle/internal/execution/steps/Context;)Lorg/gradle/internal/execution/steps/Result; (10 bytes) @ 0x00000188528ccc24 [0x00000188528cca40+0x00000000000001e4]
J 34379 c1 org.gradle.internal.execution.steps.ValidateStep.execute(Lorg/gradle/internal/execution/UnitOfWork;Lorg/gradle/internal/execution/steps/BeforeExecutionContext;)Lorg/gradle/internal/execution/steps/Result; (255 bytes) @ 0x00000188521eb944 [0x00000188521e7ae0+0x0000000000003e64]
J 34378 c1 org.gradle.internal.execution.steps.ValidateStep.execute(Lorg/gradle/internal/execution/UnitOfWork;Lorg/gradle/internal/execution/steps/Context;)Lorg/gradle/internal/execution/steps/Result; (10 bytes) @ 0x00000188511ec13c [0x00000188511ebfc0+0x000000000000017c]
J 42481 c1 org.gradle.internal.execution.steps.AbstractCaptureStateBeforeExecutionStep.execute(Lorg/gradle/internal/execution/UnitOfWork;Lorg/gradle/internal/execution/steps/PreviousExecutionContext;)Lorg/gradle/internal/execution/steps/CachingResult; (41 bytes) @ 0x00000188521aeb04 [0x00000188521ae2e0+0x0000000000000824]
J 40564 c1 org.gradle.internal.execution.steps.AbstractCaptureStateBeforeExecutionStep.execute(Lorg/gradle/internal/execution/UnitOfWork;Lorg/gradle/internal/execution/steps/Context;)Lorg/gradle/internal/execution/steps/Result; (10 bytes) @ 0x00000188521cd0a4 [0x00000188521ccec0+0x00000000000001e4]
J 42399 c1 org.gradle.internal.execution.steps.legacy.MarkSnapshottingInputsStartedStep.execute(Lorg/gradle/internal/execution/UnitOfWork;Lorg/gradle/internal/execution/steps/Context;)Lorg/gradle/internal/execution/steps/Result; (37 bytes) @ 0x00000188519f1fdc [0x00000188519f1e00+0x00000000000001dc]
J 40604 c1 org.gradle.internal.execution.steps.AssignImmutableWorkspaceStep.lambda$executeInTemporaryWorkspace$3(Lorg/gradle/internal/execution/steps/IdentityContext;Lorg/gradle/internal/execution/UnitOfWork;Lorg/gradle/internal/execution/workspace/ImmutableWorkspaceProvider$ImmutableWorkspace;Ljava/io/File;)Lorg/gradle/internal/execution/steps/WorkspaceResult; (158 bytes) @ 0x000001885228cc2c [0x000001885228b6c0+0x000000000000156c]
J 40603 c1 org.gradle.internal.execution.steps.AssignImmutableWorkspaceStep$$Lambda+0x000001880153d8c8.executeInTemporaryWorkspace(Ljava/io/File;)Ljava/lang/Object; (21 bytes) @ 0x0000018851aad35c [0x0000018851aad2c0+0x000000000000009c]
J 40602 c1 org.gradle.internal.execution.workspace.impl.CacheBasedImmutableWorkspaceProvider$1.withTemporaryWorkspace(Lorg/gradle/internal/execution/workspace/ImmutableWorkspaceProvider$ImmutableWorkspace$TemporaryWorkspaceAction;)Ljava/lang/Object; (53 bytes) @ 0x0000018852290754 [0x00000188522901a0+0x00000000000005b4]
J 40601 c1 org.gradle.internal.execution.steps.AssignImmutableWorkspaceStep.executeInTemporaryWorkspace(Lorg/gradle/internal/execution/UnitOfWork;Lorg/gradle/internal/execution/steps/IdentityContext;Lorg/gradle/internal/execution/workspace/ImmutableWorkspaceProvider$ImmutableWorkspace;)Lorg/gradle/internal/execution/steps/WorkspaceResult; (19 bytes) @ 0x0000018852291534 [0x0000018852291040+0x00000000000004f4]
J 34360 c1 org.gradle.internal.execution.steps.AssignImmutableWorkspaceStep$$Lambda+0x000001880152a260.get()Ljava/lang/Object; (20 bytes) @ 0x0000018851060e14 [0x0000018851060d40+0x00000000000000d4]
J 34338 c1 org.gradle.internal.execution.steps.AssignImmutableWorkspaceStep.execute(Lorg/gradle/internal/execution/UnitOfWork;Lorg/gradle/internal/execution/steps/IdentityContext;)Lorg/gradle/internal/execution/steps/WorkspaceResult; (55 bytes) @ 0x0000018851c4dcec [0x0000018851c4d2a0+0x0000000000000a4c]
J 34341 c1 org.gradle.internal.execution.steps.AssignImmutableWorkspaceStep.execute(Lorg/gradle/internal/execution/UnitOfWork;Lorg/gradle/internal/execution/steps/Context;)Lorg/gradle/internal/execution/steps/Result; (10 bytes) @ 0x0000018850f7a8bc [0x0000018850f7a740+0x000000000000017c]
J 42973 c1 org.gradle.internal.execution.steps.ChoosePipelineStep.execute(Lorg/gradle/internal/execution/UnitOfWork;Lorg/gradle/internal/execution/steps/IdentityContext;)Lorg/gradle/internal/execution/steps/Result; (71 bytes) @ 0x000001885159aa84 [0x000001885159a3a0+0x00000000000006e4]
J 42972 c1 org.gradle.internal.execution.steps.ChoosePipelineStep.execute(Lorg/gradle/internal/execution/UnitOfWork;Lorg/gradle/internal/execution/steps/Context;)Lorg/gradle/internal/execution/steps/Result; (10 bytes) @ 0x0000018852ae6bbc [0x0000018852ae6a40+0x000000000000017c]
J 43019 c1 org.gradle.internal.execution.steps.ExecuteWorkBuildOperationFiringStep.lambda$execute$0(Lorg/gradle/internal/execution/UnitOfWork;Lorg/gradle/internal/execution/steps/IdentityContext;Lorg/gradle/internal/operations/BuildOperationContext;)Lorg/gradle/internal/execution/steps/CachingResult; (78 bytes) @ 0x0000018851268a1c [0x0000018851268900+0x000000000000011c]
J 42443 c1 org.gradle.internal.execution.steps.ExecuteWorkBuildOperationFiringStep$$Lambda+0x0000018802906408.apply(Ljava/lang/Object;)Ljava/lang/Object; (20 bytes) @ 0x00000188517ffb64 [0x00000188517ff9c0+0x00000000000001a4]
J 19321 c1 org.gradle.internal.execution.steps.BuildOperationStep$1.call(Lorg/gradle/internal/operations/BuildOperationContext;)Ljava/lang/Object; (11 bytes) @ 0x0000018850ba84cc [0x0000018850ba83c0+0x000000000000010c]
J 42440 c2 org.gradle.internal.operations.DefaultBuildOperationRunner$CallableBuildOperationWorker.execute(Lorg/gradle/internal/operations/BuildOperation;Lorg/gradle/internal/operations/BuildOperationContext;)V (10 bytes) @ 0x0000018858ee9218 [0x0000018858ee91a0+0x0000000000000078]
J 32860 c2 org.gradle.internal.operations.DefaultBuildOperationRunner$2.execute(Lorg/gradle/internal/operations/BuildOperationDescriptor;Lorg/gradle/internal/operations/BuildOperationState;Lorg/gradle/internal/operations/BuildOperationState;Lorg/gradle/internal/operations/DefaultBuildOperationRunner$ReadableBuildOperationContext;Lorg/gradle/internal/operations/DefaultBuildOperationRunner$BuildOperationExecutionListener;)Lorg/gradle/internal/operations/BuildOperation; (110 bytes) @ 0x000001885894a1d8 [0x0000018858949920+0x00000000000008b8]
J 42337 c2 org.gradle.internal.operations.DefaultBuildOperationRunner.execute(Lorg/gradle/internal/operations/BuildOperationDescriptor$Builder;Lorg/gradle/internal/operations/BuildOperationState;Lorg/gradle/internal/operations/DefaultBuildOperationRunner$BuildOperationExecution;)Ljava/lang/Object; (147 bytes) @ 0x0000018858a76600 [0x0000018858a75e00+0x0000000000000800]
J 42375 c2 org.gradle.internal.operations.DefaultBuildOperationRunner.call(Lorg/gradle/internal/operations/CallableBuildOperation;)Ljava/lang/Object; (24 bytes) @ 0x00000188589de150 [0x00000188589ddf80+0x00000000000001d0]
J 19319 c1 org.gradle.internal.execution.steps.BuildOperationStep.operation(Ljava/util/function/Function;Lorg/gradle/internal/operations/BuildOperationDescriptor$Builder;)Ljava/lang/Object; (20 bytes) @ 0x0000018850ac90c4 [0x0000018850ac8de0+0x00000000000002e4]
J 42442 c1 org.gradle.internal.execution.steps.ExecuteWorkBuildOperationFiringStep.lambda$execute$1(Lorg/gradle/internal/execution/UnitOfWork;Lorg/gradle/internal/execution/steps/IdentityContext;Ljava/lang/String;)Lorg/gradle/internal/execution/steps/CachingResult; (41 bytes) @ 0x0000018852ad2794 [0x0000018852ad1d20+0x0000000000000a74]
J 42441 c1 org.gradle.internal.execution.steps.ExecuteWorkBuildOperationFiringStep$$Lambda+0x00000188020564c8.apply(Ljava/lang/Object;)Ljava/lang/Object; (20 bytes) @ 0x00000188516e2dc4 [0x00000188516e2c40+0x0000000000000184]
J 42386 c1 org.gradle.internal.execution.steps.ExecuteWorkBuildOperationFiringStep.execute(Lorg/gradle/internal/execution/UnitOfWork;Lorg/gradle/internal/execution/steps/Context;)Lorg/gradle/internal/execution/steps/Result; (10 bytes) @ 0x0000018850ce2534 [0x0000018850ce1c40+0x00000000000008f4]
J 34742 c1 org.gradle.internal.execution.steps.IdentityCacheStep.executeInCache(Lorg/gradle/internal/execution/UnitOfWork;Lorg/gradle/internal/execution/steps/IdentityContext;)Lorg/gradle/internal/execution/ExecutionEngine$IdentityCacheResult; (45 bytes) @ 0x0000018850d0a83c [0x0000018850d0a6e0+0x000000000000015c]
J 42341 c1 org.gradle.internal.execution.steps.IdentityCacheStep$$Lambda+0x00000188017a8228.get()Ljava/lang/Object; (16 bytes) @ 0x000001885229e514 [0x000001885229e440+0x00000000000000d4]
J 20859 c1 org.gradle.cache.Cache$$Lambda+0x00000188011160f8.apply(Ljava/lang/Object;)Ljava/lang/Object; (9 bytes) @ 0x0000018851d2c904 [0x0000018851d2c7c0+0x0000000000000144]
J 48158 c2 java.util.concurrent.ConcurrentHashMap.computeIfAbsent(Ljava/lang/Object;Ljava/util/function/Function;)Ljava/lang/Object; java.base@21.0.12.1 (576 bytes) @ 0x0000018858a05f6c [0x0000018858a057a0+0x00000000000007cc]
J 40638 c1 org.gradle.cache.internal.DefaultCrossBuildInMemoryCacheFactory$CrossBuildCacheRetainingDataFromPreviousBuild.get(Ljava/lang/Object;Ljava/util/function/Function;)Ljava/lang/Object; (18 bytes) @ 0x00000188516f1674 [0x00000188516f1500+0x0000000000000174]
J 18946 c1 org.gradle.cache.Cache.get(Ljava/lang/Object;Ljava/util/function/Supplier;)Ljava/lang/Object; (14 bytes) @ 0x0000018852c579cc [0x0000018852c574a0+0x000000000000052c]
J 40637 c1 org.gradle.internal.execution.steps.IdentityCacheStep.lambda$executeDeferred$1(Lorg/gradle/cache/Cache;Lorg/gradle/internal/execution/UnitOfWork$Identity;Lorg/gradle/internal/execution/UnitOfWork;Lorg/gradle/internal/execution/steps/IdentityContext;)Lorg/gradle/internal/Try; (41 bytes) @ 0x0000018851d9d62c [0x0000018851d9d100+0x000000000000052c]
J 34721 c1 org.gradle.internal.execution.steps.IdentityCacheStep$$Lambda+0x00000188017a3cf0.get()Ljava/lang/Object; (24 bytes) @ 0x000001885179095c [0x00000188517908c0+0x000000000000009c]
J 34719 c1 org.gradle.internal.Deferrable$3.completeAndGet()Ljava/lang/Object; (46 bytes) @ 0x0000018851727af4 [0x0000018851727940+0x00000000000001b4]
J 19828 c1 org.gradle.internal.Deferrable$1.completeAndGet()Ljava/lang/Object; (18 bytes) @ 0x0000018850e49614 [0x0000018850e49500+0x0000000000000114]
J 19828 c1 org.gradle.internal.Deferrable$1.completeAndGet()Ljava/lang/Object; (18 bytes) @ 0x0000018850e49614 [0x0000018850e49500+0x0000000000000114]
j  org.gradle.internal.Deferrable.lambda$flatMap$0(Ljava/util/function/Function;)Ljava/lang/Object;+15
j  org.gradle.internal.Deferrable$$Lambda+0x000001880272a008.get()Ljava/lang/Object;+8
J 34719 c1 org.gradle.internal.Deferrable$3.completeAndGet()Ljava/lang/Object; (46 bytes) @ 0x0000018851727af4 [0x0000018851727940+0x00000000000001b4]
j  org.gradle.internal.Deferrable.lambda$flatMap$0(Ljava/util/function/Function;)Ljava/lang/Object;+2
j  org.gradle.internal.Deferrable$$Lambda+0x000001880272a008.get()Ljava/lang/Object;+8
J 34719 c1 org.gradle.internal.Deferrable$3.completeAndGet()Ljava/lang/Object; (46 bytes) @ 0x0000018851727af4 [0x0000018851727940+0x00000000000001b4]
J 25805 c1 org.gradle.api.internal.artifacts.transform.TransformingAsyncArtifactListener$TransformedArtifact.finalizeValue()Lorg/gradle/internal/Try; (168 bytes) @ 0x000001885300254c [0x0000018853001c40+0x000000000000090c]
J 40636 c1 org.gradle.api.internal.artifacts.transform.TransformingAsyncArtifactListener$TransformedArtifact.run(Lorg/gradle/internal/operations/BuildOperationContext;)V (6 bytes) @ 0x00000188516f1e3c [0x00000188516f1dc0+0x000000000000007c]
J 18589 c1 org.gradle.internal.operations.DefaultBuildOperationExecutor$$Lambda+0x0000018801791608.execute(Lorg/gradle/internal/operations/BuildOperation;Lorg/gradle/internal/operations/BuildOperationContext;)V (11 bytes) @ 0x0000018852b5dcd4 [0x0000018852b5dac0+0x0000000000000214]
J 32860 c2 org.gradle.internal.operations.DefaultBuildOperationRunner$2.execute(Lorg/gradle/internal/operations/BuildOperationDescriptor;Lorg/gradle/internal/operations/BuildOperationState;Lorg/gradle/internal/operations/BuildOperationState;Lorg/gradle/internal/operations/DefaultBuildOperationRunner$ReadableBuildOperationContext;Lorg/gradle/internal/operations/DefaultBuildOperationRunner$BuildOperationExecutionListener;)Lorg/gradle/internal/operations/BuildOperation; (110 bytes) @ 0x000001885894a1d8 [0x0000018858949920+0x00000000000008b8]
J 42337 c2 org.gradle.internal.operations.DefaultBuildOperationRunner.execute(Lorg/gradle/internal/operations/BuildOperationDescriptor$Builder;Lorg/gradle/internal/operations/BuildOperationState;Lorg/gradle/internal/operations/DefaultBuildOperationRunner$BuildOperationExecution;)Ljava/lang/Object; (147 bytes) @ 0x0000018858a76600 [0x0000018858a75e00+0x0000000000000800]
J 40506 c2 org.gradle.internal.operations.DefaultBuildOperationRunner.execute(Lorg/gradle/internal/operations/BuildOperation;Lorg/gradle/internal/operations/BuildOperationWorker;Lorg/gradle/internal/operations/BuildOperationState;)V (23 bytes) @ 0x0000018858da4e10 [0x0000018858da4d40+0x00000000000000d0]
J 18587 c1 org.gradle.internal.operations.DefaultBuildOperationQueue$WorkerRunnable.runOperation(Lorg/gradle/internal/operations/BuildOperation;)V (26 bytes) @ 0x0000018852b5cfdc [0x0000018852b5ce00+0x00000000000001dc]
j  org.gradle.internal.operations.DefaultBuildOperationQueue$WorkerRunnable.doRunBatch(Lorg/gradle/internal/operations/BuildOperation;)I+28
j  org.gradle.internal.operations.DefaultBuildOperationQueue$WorkerRunnable.lambda$runBatch$0(Lorg/gradle/internal/operations/BuildOperation;)Ljava/lang/Integer;+2
j  org.gradle.internal.operations.DefaultBuildOperationQueue$WorkerRunnable$$Lambda+0x00000188017a8000.create()Ljava/lang/Object;+8
j  org.gradle.internal.resources.AbstractResourceLockRegistry.whileDisallowingLockChanges(Lorg/gradle/internal/Factory;)Ljava/lang/Object;+17
j  org.gradle.internal.work.DefaultWorkerLeaseService.whileDisallowingProjectLockChanges(Lorg/gradle/internal/Factory;)Ljava/lang/Object;+14
j  org.gradle.internal.operations.DefaultBuildOperationQueue$WorkerRunnable.lambda$runBatch$1(Lorg/gradle/internal/operations/BuildOperation;)Ljava/lang/Integer;+33
j  org.gradle.internal.operations.DefaultBuildOperationQueue$WorkerRunnable$$Lambda+0x00000188017a5400.create()Ljava/lang/Object;+8
J 36114 c1 org.gradle.internal.work.DefaultWorkerLeaseService.runAsWorkerThread(Lorg/gradle/internal/Factory;)Ljava/lang/Object; (37 bytes) @ 0x0000018851a61784 [0x0000018851a61460+0x0000000000000324]
J 29380 c1 org.gradle.internal.operations.DefaultBuildOperationQueue$WorkerRunnable.run()V (48 bytes) @ 0x00000188514f2c04 [0x00000188514f26c0+0x0000000000000544]
j  org.gradle.internal.operations.DefaultBuildOperationQueue.waitForCompletion()V+13
j  org.gradle.internal.operations.DefaultBuildOperationExecutor.executeInParallel(ZLorg/gradle/internal/operations/BuildOperationQueue$QueueWorker;Lorg/gradle/api/Action;Lorg/gradle/internal/operations/BuildOperationConstraint;)V+102
j  org.gradle.internal.operations.DefaultBuildOperationExecutor.runAll(Lorg/gradle/api/Action;Lorg/gradle/internal/operations/BuildOperationConstraint;)V+22
j  org.gradle.api.internal.artifacts.ivyservice.resolveengine.artifact.ParallelResolveArtifactSet$VisitingSet.visit(Lorg/gradle/api/internal/artifacts/ivyservice/resolveengine/artifact/ArtifactVisitor;)V+18
j  org.gradle.api.internal.artifacts.ivyservice.resolveengine.artifact.ResolvedArtifactSetResolver$1.run(Lorg/gradle/internal/operations/BuildOperationContext;)V+18
J 21917 c1 org.gradle.internal.operations.DefaultBuildOperationRunner$1.execute(Lorg/gradle/internal/operations/BuildOperation;Lorg/gradle/internal/operations/BuildOperationContext;)V (10 bytes) @ 0x00000188518366c4 [0x0000018851836460+0x0000000000000264]
J 32860 c2 org.gradle.internal.operations.DefaultBuildOperationRunner$2.execute(Lorg/gradle/internal/operations/BuildOperationDescriptor;Lorg/gradle/internal/operations/BuildOperationState;Lorg/gradle/internal/operations/BuildOperationState;Lorg/gradle/internal/operations/DefaultBuildOperationRunner$ReadableBuildOperationContext;Lorg/gradle/internal/operations/DefaultBuildOperationRunner$BuildOperationExecutionListener;)Lorg/gradle/internal/operations/BuildOperation; (110 bytes) @ 0x000001885894a1d8 [0x0000018858949920+0x00000000000008b8]
J 42337 c2 org.gradle.internal.operations.DefaultBuildOperationRunner.execute(Lorg/gradle/internal/operations/BuildOperationDescriptor$Builder;Lorg/gradle/internal/operations/BuildOperationState;Lorg/gradle/internal/operations/DefaultBuildOperationRunner$BuildOperationExecution;)Ljava/lang/Object; (147 bytes) @ 0x0000018858a76600 [0x0000018858a75e00+0x0000000000000800]
J 40506 c2 org.gradle.internal.operations.DefaultBuildOperationRunner.execute(Lorg/gradle/internal/operations/BuildOperation;Lorg/gradle/internal/operations/BuildOperationWorker;Lorg/gradle/internal/operations/BuildOperationState;)V (23 bytes) @ 0x0000018858da4e10 [0x0000018858da4d40+0x00000000000000d0]
J 21916 c1 org.gradle.internal.operations.DefaultBuildOperationRunner.run(Lorg/gradle/internal/operations/RunnableBuildOperation;)V (13 bytes) @ 0x0000018851836ecc [0x0000018851836b00+0x00000000000003cc]
J 21915 c1 org.gradle.internal.operations.DefaultBuildOperationExecutor.run(Lorg/gradle/internal/operations/RunnableBuildOperation;)V (11 bytes) @ 0x000001885183744c [0x0000018851837340+0x000000000000010c]
j  org.gradle.api.internal.artifacts.ivyservice.resolveengine.artifact.ResolvedArtifactSetResolver.visitArtifacts(Lorg/gradle/api/internal/artifacts/ivyservice/resolveengine/artifact/ResolvedArtifactSet;Lorg/gradle/api/internal/artifacts/ivyservice/resolveengine/artifact/ArtifactVisitor;Lorg/gradle/api/internal/artifacts/configurations/ResolutionHost;)V+15
j  org.gradle.api.internal.artifacts.ivyservice.resolveengine.artifact.ResolvedArtifactSetResolver.lambda$visitInUnmanagedWorkerThread$0(Lorg/gradle/api/internal/artifacts/ivyservice/resolveengine/artifact/ResolvedArtifactSet;Lorg/gradle/api/internal/artifacts/ivyservice/resolveengine/artifact/ArtifactVisitor;Lorg/gradle/api/internal/artifacts/configurations/ResolutionHost;)V+4
j  org.gradle.api.internal.artifacts.ivyservice.resolveengine.artifact.ResolvedArtifactSetResolver$$Lambda+0x0000018801798818.run()V+16
j  org.gradle.internal.work.DefaultWorkerLeaseService.runAsUnmanagedWorkerThread(Ljava/lang/Runnable;)V+18
j  org.gradle.api.internal.artifacts.ivyservice.resolveengine.artifact.ResolvedArtifactSetResolver.visitInUnmanagedWorkerThread(Lorg/gradle/api/internal/artifacts/ivyservice/resolveengine/artifact/ResolvedArtifactSet;Lorg/gradle/api/internal/artifacts/ivyservice/resolveengine/artifact/ArtifactVisitor;Lorg/gradle/api/internal/artifacts/configurations/ResolutionHost;)V+13
j  org.gradle.api.internal.artifacts.ivyservice.resolveengine.artifact.DefaultSelectedArtifactSet.visitArtifacts(Lorg/gradle/api/internal/artifacts/ivyservice/resolveengine/artifact/ArtifactVisitor;Z)V+50
j  org.gradle.api.internal.artifacts.ivyservice.resolveengine.artifact.SelectedArtifactSet.visitFiles(Lorg/gradle/api/internal/artifacts/ivyservice/resolveengine/artifact/ResolvedFileVisitor;Z)V+10
j  org.gradle.api.internal.artifacts.configurations.ResolutionBackedFileCollection.visitContents(Lorg/gradle/api/internal/file/FileCollectionStructureVisitor;)V+18
J 27788 c1 org.gradle.api.internal.file.CompositeFileCollection$$Lambda+0x0000018801792578.accept(Ljava/lang/Object;)V (12 bytes) @ 0x00000188536a97dc [0x00000188536a9380+0x000000000000045c]
J 27785 c1 org.gradle.api.internal.file.collections.UnpackingVisitor.add(Ljava/lang/Object;)V (363 bytes) @ 0x00000188536a7e34 [0x00000188536a5500+0x0000000000002934]
J 27785 c1 org.gradle.api.internal.file.collections.UnpackingVisitor.add(Ljava/lang/Object;)V (363 bytes) @ 0x00000188536a622c [0x00000188536a5500+0x0000000000000d2c]
J 39872 c1 org.gradle.api.internal.file.DefaultFileCollectionFactory$ResolvingFileCollection.visitChildren(Ljava/util/function/Consumer;)V (35 bytes) @ 0x0000018851b34724 [0x0000018851b345e0+0x0000000000000144]
J 29513 c1 org.gradle.api.internal.file.CompositeFileCollection.visitContents(Lorg/gradle/api/internal/file/FileCollectionStructureVisitor;)V (11 bytes) @ 0x0000018850e466a4 [0x0000018850e461a0+0x0000000000000504]
J 27788 c1 org.gradle.api.internal.file.CompositeFileCollection$$Lambda+0x0000018801792578.accept(Ljava/lang/Object;)V (12 bytes) @ 0x00000188536a97dc [0x00000188536a9380+0x000000000000045c]
j  org.gradle.api.internal.tasks.PropertyFileCollection.visitChildren(Ljava/util/function/Consumer;)V+5
J 29513 c1 org.gradle.api.internal.file.CompositeFileCollection.visitContents(Lorg/gradle/api/internal/file/FileCollectionStructureVisitor;)V (11 bytes) @ 0x0000018850e466a4 [0x0000018850e461a0+0x0000000000000504]
J 19222 c1 org.gradle.internal.fingerprint.impl.DefaultFileCollectionSnapshotter.snapshot(Lorg/gradle/api/file/FileCollection;)Lorg/gradle/internal/execution/FileCollectionSnapshotter$Result; (46 bytes) @ 0x0000018851795c9c [0x00000188517955e0+0x00000000000006bc]
J 19598 c1 org.gradle.internal.execution.impl.DefaultInputFingerprinter$InputCollectingVisitor.visitInputFileProperty(Ljava/lang/String;Lorg/gradle/internal/properties/InputBehavior;Lorg/gradle/internal/execution/UnitOfWork$InputFileValueSupplier;)V (135 bytes) @ 0x0000018850ba38c4 [0x0000018850ba2f20+0x00000000000009a4]
j  org.gradle.api.internal.tasks.execution.TaskExecution.visitRegularInputs(Lorg/gradle/internal/execution/UnitOfWork$InputVisitor;)V+156
J 42486 c1 org.gradle.internal.execution.steps.AbstractCaptureStateBeforeExecutionStep$$Lambda+0x000001880153b0c0.accept(Ljava/lang/Object;)V (14 bytes) @ 0x00000188528429d4 [0x00000188528427c0+0x0000000000000214]
J 19546 c1 org.gradle.internal.execution.impl.DefaultInputFingerprinter.fingerprintInputProperties(Lcom/google/common/collect/ImmutableSortedMap;Lcom/google/common/collect/ImmutableSortedMap;Lcom/google/common/collect/ImmutableSortedMap;Lcom/google/common/collect/ImmutableSortedMap;Ljava/util/function/Consumer;)Lorg/gradle/internal/execution/InputFingerprinter$Result; (41 bytes) @ 0x00000188512f2aa4 [0x00000188512f28e0+0x00000000000001c4]
J 40569 c1 org.gradle.internal.execution.steps.AbstractCaptureStateBeforeExecutionStep.captureExecutionStateWithOutputs(Lorg/gradle/internal/execution/UnitOfWork;Lorg/gradle/internal/execution/steps/PreviousExecutionContext;Lcom/google/common/collect/ImmutableSortedMap;Lorg/gradle/internal/execution/history/OverlappingOutputs;)Lorg/gradle/internal/execution/history/BeforeExecutionState; (195 bytes) @ 0x0000018852e667fc [0x0000018852e64260+0x000000000000259c]
J 40568 c1 org.gradle.internal.execution.steps.AbstractCaptureStateBeforeExecutionStep.lambda$captureExecutionState$0(Lorg/gradle/internal/execution/UnitOfWork;Lorg/gradle/internal/execution/steps/PreviousExecutionContext;Lorg/gradle/internal/operations/BuildOperationContext;)Lorg/gradle/internal/execution/history/BeforeExecutionState; (42 bytes) @ 0x00000188526d0134 [0x00000188526cff00+0x0000000000000234]
J 40567 c1 org.gradle.internal.execution.steps.AbstractCaptureStateBeforeExecutionStep$$Lambda+0x000001880153f520.apply(Ljava/lang/Object;)Ljava/lang/Object; (20 bytes) @ 0x00000188526d07e4 [0x00000188526d0640+0x00000000000001a4]
J 19321 c1 org.gradle.internal.execution.steps.BuildOperationStep$1.call(Lorg/gradle/internal/operations/BuildOperationContext;)Ljava/lang/Object; (11 bytes) @ 0x0000018850ba84cc [0x0000018850ba83c0+0x000000000000010c]
J 42440 c2 org.gradle.internal.operations.DefaultBuildOperationRunner$CallableBuildOperationWorker.execute(Lorg/gradle/internal/operations/BuildOperation;Lorg/gradle/internal/operations/BuildOperationContext;)V (10 bytes) @ 0x0000018858ee9218 [0x0000018858ee91a0+0x0000000000000078]
J 32860 c2 org.gradle.internal.operations.DefaultBuildOperationRunner$2.execute(Lorg/gradle/internal/operations/BuildOperationDescriptor;Lorg/gradle/internal/operations/BuildOperationState;Lorg/gradle/internal/operations/BuildOperationState;Lorg/gradle/internal/operations/DefaultBuildOperationRunner$ReadableBuildOperationContext;Lorg/gradle/internal/operations/DefaultBuildOperationRunner$BuildOperationExecutionListener;)Lorg/gradle/internal/operations/BuildOperation; (110 bytes) @ 0x000001885894a1d8 [0x0000018858949920+0x00000000000008b8]
J 42337 c2 org.gradle.internal.operations.DefaultBuildOperationRunner.execute(Lorg/gradle/internal/operations/BuildOperationDescriptor$Builder;Lorg/gradle/internal/operations/BuildOperationState;Lorg/gradle/internal/operations/DefaultBuildOperationRunner$BuildOperationExecution;)Ljava/lang/Object; (147 bytes) @ 0x0000018858a76600 [0x0000018858a75e00+0x0000000000000800]
J 42375 c2 org.gradle.internal.operations.DefaultBuildOperationRunner.call(Lorg/gradle/internal/operations/CallableBuildOperation;)Ljava/lang/Object; (24 bytes) @ 0x00000188589de150 [0x00000188589ddf80+0x00000000000001d0]
J 19319 c1 org.gradle.internal.execution.steps.BuildOperationStep.operation(Ljava/util/function/Function;Lorg/gradle/internal/operations/BuildOperationDescriptor$Builder;)Ljava/lang/Object; (20 bytes) @ 0x0000018850ac90c4 [0x0000018850ac8de0+0x00000000000002e4]
J 40566 c1 org.gradle.internal.execution.steps.AbstractCaptureStateBeforeExecutionStep.captureExecutionState(Lorg/gradle/internal/execution/UnitOfWork;Lorg/gradle/internal/execution/steps/PreviousExecutionContext;)Lorg/gradle/internal/execution/history/BeforeExecutionState; (49 bytes) @ 0x00000188526d17fc [0x00000188526d0c80+0x0000000000000b7c]
J 42481 c1 org.gradle.internal.execution.steps.AbstractCaptureStateBeforeExecutionStep.execute(Lorg/gradle/internal/execution/UnitOfWork;Lorg/gradle/internal/execution/steps/PreviousExecutionContext;)Lorg/gradle/internal/execution/steps/CachingResult; (41 bytes) @ 0x00000188521ae45c [0x00000188521ae2e0+0x000000000000017c]
J 40564 c1 org.gradle.internal.execution.steps.AbstractCaptureStateBeforeExecutionStep.execute(Lorg/gradle/internal/execution/UnitOfWork;Lorg/gradle/internal/execution/steps/Context;)Lorg/gradle/internal/execution/steps/Result; (10 bytes) @ 0x00000188521cd0a4 [0x00000188521ccec0+0x00000000000001e4]
j  org.gradle.internal.execution.steps.AbstractSkipEmptyWorkStep.executeWithNonEmptySources(Lorg/gradle/internal/execution/UnitOfWork;Lorg/gradle/internal/execution/steps/WorkspaceContext;)Lorg/gradle/internal/execution/steps/CachingResult;+12
j  org.gradle.internal.execution.steps.AbstractSkipEmptyWorkStep.execute(Lorg/gradle/internal/execution/UnitOfWork;Lorg/gradle/internal/execution/steps/WorkspaceContext;)Lorg/gradle/internal/execution/steps/CachingResult;+42
j  org.gradle.internal.execution.steps.AbstractSkipEmptyWorkStep.execute(Lorg/gradle/internal/execution/UnitOfWork;Lorg/gradle/internal/execution/steps/Context;)Lorg/gradle/internal/execution/steps/Result;+6
J 42399 c1 org.gradle.internal.execution.steps.legacy.MarkSnapshottingInputsStartedStep.execute(Lorg/gradle/internal/execution/UnitOfWork;Lorg/gradle/internal/execution/steps/Context;)Lorg/gradle/internal/execution/steps/Result; (37 bytes) @ 0x00000188519f1fdc [0x00000188519f1e00+0x00000000000001dc]
j  org.gradle.internal.execution.steps.LoadPreviousExecutionStateStep.execute(Lorg/gradle/internal/execution/UnitOfWork;Lorg/gradle/internal/execution/steps/WorkspaceContext;)Lorg/gradle/internal/execution/steps/AfterExecutionResult;+42
j  org.gradle.internal.execution.steps.LoadPreviousExecutionStateStep.execute(Lorg/gradle/internal/execution/UnitOfWork;Lorg/gradle/internal/execution/steps/Context;)Lorg/gradle/internal/execution/steps/Result;+6
j  org.gradle.internal.execution.steps.HandleStaleOutputsStep.execute(Lorg/gradle/internal/execution/UnitOfWork;Lorg/gradle/internal/execution/steps/WorkspaceContext;)Lorg/gradle/internal/execution/steps/AfterExecutionResult;+21
j  org.gradle.internal.execution.steps.HandleStaleOutputsStep.execute(Lorg/gradle/internal/execution/UnitOfWork;Lorg/gradle/internal/execution/steps/Context;)Lorg/gradle/internal/execution/steps/Result;+6
j  org.gradle.internal.execution.steps.AssignMutableWorkspaceStep.lambda$execute$0(Lorg/gradle/internal/execution/steps/IdentityContext;Lorg/gradle/internal/execution/UnitOfWork;Ljava/io/File;Lorg/gradle/internal/execution/history/ExecutionHistoryStore;)Lorg/gradle/internal/execution/steps/WorkspaceResult;+30
j  org.gradle.internal.execution.steps.AssignMutableWorkspaceStep$$Lambda+0x0000018802b616e0.executeInWorkspace(Ljava/io/File;Lorg/gradle/internal/execution/history/ExecutionHistoryStore;)Ljava/lang/Object;+14
j  org.gradle.api.internal.tasks.execution.TaskExecution$4.withWorkspace(Ljava/lang/String;Lorg/gradle/internal/execution/workspace/MutableWorkspaceProvider$WorkspaceAction;)Ljava/lang/Object;+33
j  org.gradle.internal.execution.steps.AssignMutableWorkspaceStep.execute(Lorg/gradle/internal/execution/UnitOfWork;Lorg/gradle/internal/execution/steps/IdentityContext;)Lorg/gradle/internal/execution/steps/WorkspaceResult;+26
j  org.gradle.internal.execution.steps.AssignMutableWorkspaceStep.execute(Lorg/gradle/internal/execution/UnitOfWork;Lorg/gradle/internal/execution/steps/Context;)Lorg/gradle/internal/execution/steps/Result;+6
J 42973 c1 org.gradle.internal.execution.steps.ChoosePipelineStep.execute(Lorg/gradle/internal/execution/UnitOfWork;Lorg/gradle/internal/execution/steps/IdentityContext;)Lorg/gradle/internal/execution/steps/Result; (71 bytes) @ 0x000001885159a9bc [0x000001885159a3a0+0x000000000000061c]
J 42972 c1 org.gradle.internal.execution.steps.ChoosePipelineStep.execute(Lorg/gradle/internal/execution/UnitOfWork;Lorg/gradle/internal/execution/steps/Context;)Lorg/gradle/internal/execution/steps/Result; (10 bytes) @ 0x0000018852ae6bbc [0x0000018852ae6a40+0x000000000000017c]
j  org.gradle.internal.execution.steps.ExecuteWorkBuildOperationFiringStep.lambda$execute$2(Lorg/gradle/internal/execution/UnitOfWork;Lorg/gradle/internal/execution/steps/IdentityContext;)Lorg/gradle/internal/execution/steps/CachingResult;+6
j  org.gradle.internal.execution.steps.ExecuteWorkBuildOperationFiringStep$$Lambda+0x0000018802056710.get()Ljava/lang/Object;+12
J 42386 c1 org.gradle.internal.execution.steps.ExecuteWorkBuildOperationFiringStep.execute(Lorg/gradle/internal/execution/UnitOfWork;Lorg/gradle/internal/execution/steps/Context;)Lorg/gradle/internal/execution/steps/Result; (10 bytes) @ 0x0000018850ce2bf4 [0x0000018850ce1c40+0x0000000000000fb4]
J 34337 c1 org.gradle.internal.execution.steps.IdentityCacheStep.execute(Lorg/gradle/internal/execution/UnitOfWork;Lorg/gradle/internal/execution/steps/IdentityContext;)Lorg/gradle/internal/execution/steps/WorkspaceResult; (15 bytes) @ 0x0000018850f8abcc [0x0000018850f8aac0+0x000000000000010c]
j  org.gradle.internal.execution.steps.IdentityCacheStep.execute(Lorg/gradle/internal/execution/UnitOfWork;Lorg/gradle/internal/execution/steps/Context;)Lorg/gradle/internal/execution/steps/Result;+6
j  org.gradle.internal.execution.steps.IdentifyStep.execute(Lorg/gradle/internal/execution/UnitOfWork;Lorg/gradle/internal/execution/steps/ExecutionRequestContext;)Lorg/gradle/internal/execution/steps/Result;+11
j  org.gradle.internal.execution.steps.IdentifyStep.execute(Lorg/gradle/internal/execution/UnitOfWork;Lorg/gradle/internal/execution/steps/Context;)Lorg/gradle/internal/execution/steps/Result;+6
j  org.gradle.internal.execution.impl.DefaultExecutionEngine$1.execute()Lorg/gradle/internal/execution/ExecutionEngine$Result;+15
j  org.gradle.api.internal.tasks.execution.ExecuteActionsTaskExecuter.executeIfValid(Lorg/gradle/api/internal/TaskInternal;Lorg/gradle/api/internal/tasks/TaskStateInternal;Lorg/gradle/api/internal/tasks/TaskExecutionContext;Lorg/gradle/api/internal/tasks/execution/TaskExecution;)Lorg/gradle/api/internal/tasks/TaskExecuterResult;+54
j  org.gradle.api.internal.tasks.execution.ExecuteActionsTaskExecuter.execute(Lorg/gradle/api/internal/TaskInternal;Lorg/gradle/api/internal/tasks/TaskStateInternal;Lorg/gradle/api/internal/tasks/TaskExecutionContext;)Lorg/gradle/api/internal/tasks/TaskExecuterResult;+65
j  org.gradle.api.internal.tasks.execution.FinalizePropertiesTaskExecuter.execute(Lorg/gradle/api/internal/TaskInternal;Lorg/gradle/api/internal/tasks/TaskStateInternal;Lorg/gradle/api/internal/tasks/TaskExecutionContext;)Lorg/gradle/api/internal/tasks/TaskExecuterResult;+61
j  org.gradle.api.internal.tasks.execution.ResolveTaskExecutionModeExecuter.execute(Lorg/gradle/api/internal/TaskInternal;Lorg/gradle/api/internal/tasks/TaskStateInternal;Lorg/gradle/api/internal/tasks/TaskExecutionContext;)Lorg/gradle/api/internal/tasks/TaskExecuterResult;+56
j  org.gradle.api.internal.tasks.execution.SkipTaskWithNoActionsExecuter.execute(Lorg/gradle/api/internal/TaskInternal;Lorg/gradle/api/internal/tasks/TaskStateInternal;Lorg/gradle/api/internal/tasks/TaskExecutionContext;)Lorg/gradle/api/internal/tasks/TaskExecuterResult;+120
j  org.gradle.api.internal.tasks.execution.SkipOnlyIfTaskExecuter.execute(Lorg/gradle/api/internal/TaskInternal;Lorg/gradle/api/internal/tasks/TaskStateInternal;Lorg/gradle/api/internal/tasks/TaskExecutionContext;)Lorg/gradle/api/internal/tasks/TaskExecuterResult;+199
j  org.gradle.api.internal.tasks.execution.CatchExceptionTaskExecuter.execute(Lorg/gradle/api/internal/TaskInternal;Lorg/gradle/api/internal/tasks/TaskStateInternal;Lorg/gradle/api/internal/tasks/TaskExecutionContext;)Lorg/gradle/api/internal/tasks/TaskExecuterResult;+7
j  org.gradle.api.internal.tasks.execution.EventFiringTaskExecuter$1.executeTask(Lorg/gradle/internal/operations/BuildOperationContext;)Lorg/gradle/api/internal/tasks/TaskExecuterResult;+136
j  org.gradle.api.internal.tasks.execution.EventFiringTaskExecuter$1.call(Lorg/gradle/internal/operations/BuildOperationContext;)Lorg/gradle/api/internal/tasks/TaskExecuterResult;+2
j  org.gradle.api.internal.tasks.execution.EventFiringTaskExecuter$1.call(Lorg/gradle/internal/operations/BuildOperationContext;)Ljava/lang/Object;+2
J 42440 c2 org.gradle.internal.operations.DefaultBuildOperationRunner$CallableBuildOperationWorker.execute(Lorg/gradle/internal/operations/BuildOperation;Lorg/gradle/internal/operations/BuildOperationContext;)V (10 bytes) @ 0x0000018858ee9218 [0x0000018858ee91a0+0x0000000000000078]
J 32860 c2 org.gradle.internal.operations.DefaultBuildOperationRunner$2.execute(Lorg/gradle/internal/operations/BuildOperationDescriptor;Lorg/gradle/internal/operations/BuildOperationState;Lorg/gradle/internal/operations/BuildOperationState;Lorg/gradle/internal/operations/DefaultBuildOperationRunner$ReadableBuildOperationContext;Lorg/gradle/internal/operations/DefaultBuildOperationRunner$BuildOperationExecutionListener;)Lorg/gradle/internal/operations/BuildOperation; (110 bytes) @ 0x000001885894a1d8 [0x0000018858949920+0x00000000000008b8]
J 42337 c2 org.gradle.internal.operations.DefaultBuildOperationRunner.execute(Lorg/gradle/internal/operations/BuildOperationDescriptor$Builder;Lorg/gradle/internal/operations/BuildOperationState;Lorg/gradle/internal/operations/DefaultBuildOperationRunner$BuildOperationExecution;)Ljava/lang/Object; (147 bytes) @ 0x0000018858a76600 [0x0000018858a75e00+0x0000000000000800]
J 42375 c2 org.gradle.internal.operations.DefaultBuildOperationRunner.call(Lorg/gradle/internal/operations/CallableBuildOperation;)Ljava/lang/Object; (24 bytes) @ 0x00000188589de150 [0x00000188589ddf80+0x00000000000001d0]
J 16534 c1 org.gradle.internal.operations.DefaultBuildOperationExecutor.call(Lorg/gradle/internal/operations/CallableBuildOperation;)Ljava/lang/Object; (11 bytes) @ 0x0000018852709dcc [0x0000018852709cc0+0x000000000000010c]
j  org.gradle.api.internal.tasks.execution.EventFiringTaskExecuter.execute(Lorg/gradle/api/internal/TaskInternal;Lorg/gradle/api/internal/tasks/TaskStateInternal;Lorg/gradle/api/internal/tasks/TaskExecutionContext;)Lorg/gradle/api/internal/tasks/TaskExecuterResult;+15
j  org.gradle.execution.plan.LocalTaskNodeExecutor.execute(Lorg/gradle/execution/plan/Node;Lorg/gradle/api/internal/tasks/NodeExecutionContext;)Z+87
j  org.gradle.execution.taskgraph.DefaultTaskExecutionGraph$InvokeNodeExecutorsAction.execute(Lorg/gradle/execution/plan/Node;)V+46
j  org.gradle.execution.taskgraph.DefaultTaskExecutionGraph$InvokeNodeExecutorsAction.execute(Ljava/lang/Object;)V+5
j  org.gradle.execution.taskgraph.DefaultTaskExecutionGraph$BuildOperationAwareExecutionAction.lambda$execute$0(Lorg/gradle/execution/plan/Node;)V+5
j  org.gradle.execution.taskgraph.DefaultTaskExecutionGraph$BuildOperationAwareExecutionAction$$Lambda+0x00000188026daa40.run()V+8
j  org.gradle.internal.operations.CurrentBuildOperationRef.with(Lorg/gradle/internal/operations/BuildOperationRef;Ljava/lang/Runnable;)V+11
j  org.gradle.execution.taskgraph.DefaultTaskExecutionGraph$BuildOperationAwareExecutionAction.execute(Lorg/gradle/execution/plan/Node;)V+14
j  org.gradle.execution.taskgraph.DefaultTaskExecutionGraph$BuildOperationAwareExecutionAction.execute(Ljava/lang/Object;)V+5
j  org.gradle.execution.plan.DefaultPlanExecutor$ExecutorWorker.execute(Ljava/lang/Object;Lorg/gradle/execution/plan/WorkSource;Lorg/gradle/api/Action;)V+14
j  org.gradle.execution.plan.DefaultPlanExecutor$ExecutorWorker.run()V+75
J 22881 c2 org.gradle.internal.concurrent.ExecutorPolicy$CatchAndRecordFailures.onExecute(Ljava/lang/Runnable;)V (29 bytes) @ 0x00000188592ac214 [0x00000188592ac1c0+0x0000000000000054]
J 22738 c1 org.gradle.internal.concurrent.AbstractManagedExecutor$1.run()V (57 bytes) @ 0x00000188522cd534 [0x00000188522cd380+0x00000000000001b4]
J 34064 c1 java.util.concurrent.ThreadPoolExecutor.runWorker(Ljava/util/concurrent/ThreadPoolExecutor$Worker;)V java.base@21.0.12.1 (187 bytes) @ 0x0000018850d1a74c [0x0000018850d19dc0+0x000000000000098c]
j  java.util.concurrent.ThreadPoolExecutor$Worker.run()V+5 java.base@21.0.12.1
j  java.lang.Thread.runWith(Ljava/lang/Object;Ljava/lang/Runnable;)V+5 java.base@21.0.12.1
j  java.lang.Thread.run()V+19 java.base@21.0.12.1
v  ~StubRoutines::call_stub 0x0000018857fe100d

siginfo: EXCEPTION_ACCESS_VIOLATION (0xc0000005), data execution prevention violation at address 0x0000000000000032


Registers:
RAX=0x0000000000000188, RBX=0x0000000000000001, RCX=0x000001887f8a0618, RDX=0x0000000097f3cf40
RSP=0x00000049162fe0c8, RBP=0x000001887f8a0490, RSI=0x0000000097f3cf40, RDI=0x0000000000000001
R8 =0x00000188029ac620, R9 =0x0000000000000032, R10=0x00000188483e5610, R11=0x000000000000017f
R12=0x000000182000000e, R13=0x0000000097f3cf40, R14=0x0000000000000000, R15=0x000000182000000e
RIP=0x0000000000000032, EFLAGS=0x0000000000010202

XMM[0]=0x4242424242424242 0x4242424242424242
XMM[1]=0x97f3c11897f3cef0 0x97f3ced897f3cec0
XMM[2]=0x97f332f097f332d8 0x97f332c897f332b0
XMM[3]=0x97f3385897f33840 0x97f336f097f33588
XMM[4]=0x97f33d5097f338b0 0x97f33d3897f33d20
XMM[5]=0x97f3d60897f3d520 0x97f3d1e897f3d138
XMM[6]=0x0000000000000000 0x0000000000000000
XMM[7]=0x0000000000000000 0x0000000000000000
XMM[8]=0x0000000000000000 0x0000000000000000
XMM[9]=0x0000000000000000 0x0000000000000000
XMM[10]=0x0000000000000000 0x0000000000000000
XMM[11]=0x0000000000000000 0x0000000000000000
XMM[12]=0x0000000000000000 0x0000000000000000
XMM[13]=0x0000000000000000 0x0000000000000000
XMM[14]=0x0000000000000000 0x0000000000000000
XMM[15]=0x0000000000000000 0x0000000000000000
  MXCSR=0x00001fa0


Register to memory mapping:

RAX=0x0000000000000188 is an unknown value
RBX=0x0000000000000001 is an unknown value
RCX=0x000001887f8a0618 points into unknown readable memory: 0x00007ff8dc836ec0 | c0 6e 83 dc f8 7f 00 00
RDX=
[error occurred during error reporting (printing register info), id 0xc0000005, EXCEPTION_ACCESS_VIOLATION (0xc0000005) at pc=0x00007ff8dbdfc44c]
RSP=0x00000049162fe0c8 points into unknown readable memory: 0x00007ff8dc15a84b | 4b a8 15 dc f8 7f 00 00
RBP=0x000001887f8a0490 points into unknown readable memory: 0x00007ff8dc836f08 | 08 6f 83 dc f8 7f 00 00
RSI=
[error occurred during error reporting (printing register info, attempt 2), id 0xc0000005, EXCEPTION_ACCESS_VIOLATION (0xc0000005) at pc=0x00007ff8dbdfc44c]
RDI=0x0000000000000001 is an unknown value
R8 =0x00000188029ac620 is pointing into metadata
R9 =0x0000000000000032 is an unknown value
R10=0x00000188483e5610 points into unknown readable memory: 0x00007ff8dc830e48 | 48 0e 83 dc f8 7f 00 00
R11=0x000000000000017f is an unknown value
R12=0x000000182000000e is an unknown value
R13=
[error occurred during error reporting (printing register info, attempt 3), id 0xc0000005, EXCEPTION_ACCESS_VIOLATION (0xc0000005) at pc=0x00007ff8dbdfc44c]
Top of Stack: (sp=0x00000049162fe0c8)
0x00000049162fe0c8:   00007ff8dc15a84b 0000000000000001   K...............
0x00000049162fe0d8:   000001887f8a0490 0000000097f3cf40   ........@.......
0x00000049162fe0e8:   000001887f8a0618 00000000920ba640   ........@.......
0x00000049162fe0f8:   0000000097f3cf40 00000188029ac620   @....... .......
0x00000049162fe108:   0000000000000000 000001887f8a0490   ................
0x00000049162fe118:   00007ff8dc15a0c9 0000000000000001   ................
0x00000049162fe128:   0000000000000000 0000000000000001   ................
0x00000049162fe138:   000001887f8a0490 0000018800000000   ................
0x00000049162fe148:   00007ff800000000 000001887f8a0618   ................
0x00000049162fe158:   000000000000003b 000001887f8a0498   ;...............
0x00000049162fe168:   00000000000003d8 0000000000000000   ................
0x00000049162fe178:   000001887f8a0490 000001884838f030   ........0.8H....
0x00000049162fe188:   000000000001256f 00000000920ba628   o%......(.......
0x00000049162fe198:   00007ff8dc15b28f 0000000097f30000   ................
0x00000049162fe1a8:   0000000000010001 0000000000000000   ................
0x00000049162fe1b8:   000001886b9bea90 000000000000000a   ...k............
0x00000049162fe1c8:   0000000000000008 00000000000003d8   ................
0x00000049162fe1d8:   00000049162fe360 0000000091b80660   `./.I...`.......
0x00000049162fe1e8:   00000049182f80c8 00000049162fe3e0   ../.I...../.I...
0x00000049162fe1f8:   00007ff8dc15793e 0000018802957558   >y......Xu......
0x00000049162fe208:   0000000000000040 0000000000000008   @...............
0x00000049162fe218:   000001887f8a0490 000000032360b946   ........F.`#....
0x00000049162fe228:   0000040efd4c39e8 00000049182f80c8   .9L......./.I...
0x00000049162fe238:   00000049162fe3e0 0000018884604fc8   ../.I....O`.....
0x00000049162fe248:   00007ff8dc168891 0000018884600000   ..........`.....
0x00000049162fe258:   00000049162f0100 0000000000000000   ../.I...........
0x00000049162fe268:   000001886b9ba530 0000000000000000   0..k............
0x00000049162fe278:   00007ff8dc115811 00000049162fe360   .X......`./.I...
0x00000049162fe288:   000000000000000a 000001887f8a0618   ................
0x00000049162fe298:   00007ff8dc15897b 0000000000000000   {...............
0x00000049162fe2a8:   00007ff8dc4c1032 0000000000000001   2.L.............
0x00000049162fe2b8:   00000000000a9455 00000000000003d8   U...............

Instructions: (pc=0x00007ff8dc15a84b)
0x00007ff8dc15a74b:   00 4d 8b cf 48 8b 4d 08 4c 8b c6 e8 35 1f fd ff
0x00007ff8dc15a75b:   48 8b bd 40 02 00 00 0f b6 c3 4c 8b 74 24 58 24
0x00007ff8dc15a76b:   03 3c 01 75 0f 48 b8 00 ff ff ff 7f 00 00 00 48
0x00007ff8dc15a77b:   85 d8 74 2f 48 8b 57 20 48 3b 57 08 75 0a 48 8b
0x00007ff8dc15a78b:   cf e8 5f 7f f2 ff 33 d2 48 8b 47 38 48 8b ca 48
0x00007ff8dc15a79b:   03 c9 48 89 34 c8 48 89 5c c8 08 48 8d 42 01 48
0x00007ff8dc15a7ab:   89 47 20 80 3d 0c e6 8d 00 00 48 8b 7c 24 50 74
0x00007ff8dc15a7bb:   15 8b 46 08 8b 0d 83 c8 8d 00 48 d3 e0 48 03 05
0x00007ff8dc15a7cb:   71 c8 8d 00 eb 04 48 8b 46 08 83 78 0c 04 75 18
0x00007ff8dc15a7db:   48 63 05 66 f8 93 00 0f b6 0c 30 f6 c1 08 75 08
0x00007ff8dc15a7eb:   48 8b ce e8 6d bd 44 00 48 8d 8d 48 02 00 00 49
0x00007ff8dc15a7fb:   8b d7 48 8b 01 ff 10 c7 85 a8 01 00 00 00 00 00
0x00007ff8dc15a80b:   00 80 3d ae e5 8d 00 00 74 16 44 8b 46 08 8b 0d
0x00007ff8dc15a81b:   29 c8 8d 00 49 d3 e0 4c 03 05 17 c8 8d 00 eb 04
0x00007ff8dc15a82b:   4c 8b 46 08 49 63 40 0c 4c 8d 0d e6 d6 8d 00 48
0x00007ff8dc15a83b:   8b d6 48 8d 8d 88 01 00 00 4d 8b 0c c1 41 ff d1
0x00007ff8dc15a84b:   48 8b c6 48 8b 5c 24 60 48 83 c4 30 41 5f 5e 5d
0x00007ff8dc15a85b:   c3 cc cc cc cc 48 89 5c 24 08 57 48 83 ec 20 48
0x00007ff8dc15a86b:   8b 79 10 48 8b da 8b 97 80 00 00 00 8b 87 00 01
0x00007ff8dc15a87b:   00 00 8b ca 2b c8 81 e1 ff ff 01 00 81 f9 fe ff
0x00007ff8dc15a88b:   01 00 73 24 48 8b 87 80 01 00 00 48 89 1c d0 8d
0x00007ff8dc15a89b:   42 01 25 ff ff 01 00 89 87 80 00 00 00 48 8b 5c
0x00007ff8dc15a8ab:   24 30 48 83 c4 20 5f c3 48 8b 8f a0 02 00 00 48
0x00007ff8dc15a8bb:   3b 8f 88 02 00 00 75 0e 48 8d 8f 80 02 00 00 e8
0x00007ff8dc15a8cb:   b1 7d f2 ff 33 c9 48 8b 87 b8 02 00 00 48 89 1c
0x00007ff8dc15a8db:   c8 48 8d 41 01 48 8b 5c 24 30 48 89 87 a0 02 00
0x00007ff8dc15a8eb:   00 48 83 c4 20 5f c3 cc cc cc cc cc cc cc cc cc
0x00007ff8dc15a8fb:   cc cc cc cc cc 48 89 5c 24 10 48 89 6c 24 18 56
0x00007ff8dc15a90b:   48 83 ec 30 33 db 48 8b ea 48 8b f1 39 99 c8 01
0x00007ff8dc15a91b:   00 00 76 67 48 89 7c 24 40 0f 1f 40 00 0f 1f 84
0x00007ff8dc15a92b:   00 00 00 00 00 48 8b 86 b8 01 00 00 48 8b 14 d8
0x00007ff8dc15a93b:   8b 45 48 48 8d 0c 80 48 8b 82 28 02 00 00 48 8b


Stack slot to memory mapping:

stack at sp + 0 slots: 0x0000000000000001 is an unknown value
stack at sp + 1 slots: 0x000001887f8a0490 points into unknown readable memory: 0x00007ff8dc836f08 | 08 6f 83 dc f8 7f 00 00
stack at sp + 2 slots: 
[error occurred during error reporting (inspecting top of stack), id 0xc0000005, EXCEPTION_ACCESS_VIOLATION (0xc0000005) at pc=0x00007ff8dbdfc44c]
stack at sp + 3 slots: 0x000001887f8a0618 points into unknown readable memory: 0x00007ff8dc836ec0 | c0 6e 83 dc f8 7f 00 00
stack at sp + 4 slots: 
[error occurred during error reporting (inspecting top of stack, attempt 2), id 0xc0000005, EXCEPTION_ACCESS_VIOLATION (0xc0000005) at pc=0x00007ff8dbdfc44c]
stack at sp + 5 slots: 
[error occurred during error reporting (inspecting top of stack, attempt 3), id 0xc0000005, EXCEPTION_ACCESS_VIOLATION (0xc0000005) at pc=0x00007ff8dbdfc44c]

---------------  P R O C E S S  ---------------

Threads class SMR info:
_java_thread_list=0x000001887f0a3d80, length=84, elements={
0x0000018848376680, 0x000001886477b140, 0x000001886477d310, 0x000001886477fd80,
0x0000018864780a60, 0x00000188647814c0, 0x0000018864783f30, 0x00000188647881c0,
0x000001886478cc80, 0x0000018864911400, 0x0000018864a2de50, 0x000001886a3bf9f0,
0x000001886a41cc10, 0x000001886a89e6e0, 0x000001886a856520, 0x000001886a853dc0,
0x000001886a854450, 0x000001886b193660, 0x000001886b197e90, 0x000001886b197800,
0x000001886b1922b0, 0x000001886b192940, 0x000001886b193cf0, 0x000001886b192fd0,
0x000001886fa53bf0, 0x000001886e7bee40, 0x000001886e7c0f10, 0x000001886e7c0880,
0x000001886e7c1c30, 0x000001886e7c22c0, 0x000001887e7e6bb0, 0x000001887e7e78d0,
0x000001887e7ec790, 0x000001887e7eb3e0, 0x000001887e7ea030, 0x000001887e7e7240,
0x000001887e5ebc30, 0x000001887e5e9b60, 0x000001887e5ea1f0, 0x000001887e5e66e0,
0x000001887e5e8120, 0x000001887e5ec2c0, 0x000001886fa54fa0, 0x000001886fa54280,
0x000001886fa55cc0, 0x000001886fa50770, 0x000001886fa55630, 0x000001886fa53560,
0x000001886fa521b0, 0x000001886fa51b20, 0x000001887e7e5e90, 0x000001887e7eba70,
0x000001887e7e9310, 0x000001887e7ed4b0, 0x000001887e7ee860, 0x000001887e7e7f60,
0x000001887e7ef580, 0x00000188840c6a10, 0x00000188840c14c0, 0x00000188840c1b50,
0x00000188840c2f00, 0x00000188840c4940, 0x00000188840c0e30, 0x00000188840c5cf0,
0x00000188840c2870, 0x00000188840c3c20, 0x00000188840c70a0, 0x00000188840c6380,
0x00000188840c0110, 0x00000188840c4fd0, 0x000001886dcb1f00, 0x000001887fc7f7c0,
0x000001887fc7d060, 0x000001887fc7fe50, 0x000001887fc804e0, 0x000001886e63e6f0,
0x000001886e6407c0, 0x00000188840c5660, 0x00000188840c7730, 0x00000188840c07a0,
0x00000188413d1cc0, 0x000001886e640130, 0x000001886e63f410, 0x000001886e6414e0
}

Java Threads: ( => current thread )
  0x0000018848376680 JavaThread "main"                              [_thread_blocked, id=452, stack(0x0000004914e00000,0x0000004914f00000) (1024K)]
  0x000001886477b140 JavaThread "Reference Handler"          daemon [_thread_blocked, id=5948, stack(0x0000004915600000,0x0000004915700000) (1024K)]
  0x000001886477d310 JavaThread "Finalizer"                  daemon [_thread_blocked, id=10976, stack(0x0000004915700000,0x0000004915800000) (1024K)]
  0x000001886477fd80 JavaThread "Signal Dispatcher"          daemon [_thread_blocked, id=13092, stack(0x0000004915800000,0x0000004915900000) (1024K)]
  0x0000018864780a60 JavaThread "Attach Listener"            daemon [_thread_blocked, id=7620, stack(0x0000004915900000,0x0000004915a00000) (1024K)]
  0x00000188647814c0 JavaThread "Service Thread"             daemon [_thread_blocked, id=4376, stack(0x0000004915a00000,0x0000004915b00000) (1024K)]
  0x0000018864783f30 JavaThread "Monitor Deflation Thread"   daemon [_thread_blocked, id=12328, stack(0x0000004915b00000,0x0000004915c00000) (1024K)]
  0x00000188647881c0 JavaThread "C2 CompilerThread0"         daemon [_thread_blocked, id=12236, stack(0x0000004915c00000,0x0000004915d00000) (1024K)]
  0x000001886478cc80 JavaThread "C1 CompilerThread0"         daemon [_thread_blocked, id=13176, stack(0x0000004915d00000,0x0000004915e00000) (1024K)]
  0x0000018864911400 JavaThread "Common-Cleaner"             daemon [_thread_blocked, id=11184, stack(0x0000004915e00000,0x0000004915f00000) (1024K)]
  0x0000018864a2de50 JavaThread "Notification Thread"        daemon [_thread_blocked, id=10084, stack(0x0000004915f00000,0x0000004916000000) (1024K)]
  0x000001886a3bf9f0 JavaThread "Daemon health stats"               [_thread_blocked, id=820, stack(0x0000004916400000,0x0000004916500000) (1024K)]
  0x000001886a41cc10 JavaThread "Incoming local TCP Connector on port 51785"        [_thread_in_native, id=11980, stack(0x0000004916500000,0x0000004916600000) (1024K)]
  0x000001886a89e6e0 JavaThread "Daemon periodic checks"            [_thread_blocked, id=7736, stack(0x0000004916600000,0x0000004916700000) (1024K)]
  0x000001886a856520 JavaThread "Cache worker for journal cache (C:\Users\peter\.gradle\caches\journal-1)"        [_thread_blocked, id=11844, stack(0x0000004916e00000,0x0000004916f00000) (1024K)]
  0x000001886a853dc0 JavaThread "File lock request listener"        [_thread_in_native, id=8036, stack(0x0000004916f00000,0x0000004917000000) (1024K)]
  0x000001886a854450 JavaThread "Cache worker for file hash cache (C:\Users\peter\.gradle\caches\8.7\fileHashes)"        [_thread_blocked, id=9204, stack(0x0000004917000000,0x0000004917100000) (1024K)]
  0x000001886b193660 JavaThread "File watcher server"        daemon [_thread_blocked, id=11800, stack(0x0000004917200000,0x0000004917300000) (1024K)]
  0x000001886b197e90 JavaThread "File watcher consumer"      daemon [_thread_blocked, id=7892, stack(0x0000004917300000,0x0000004917400000) (1024K)]
  0x000001886b197800 JavaThread "jar transforms"                    [_thread_blocked, id=12256, stack(0x0000004917400000,0x0000004917500000) (1024K)]
  0x000001886b1922b0 JavaThread "jar transforms Thread 2"           [_thread_blocked, id=9196, stack(0x0000004917500000,0x0000004917600000) (1024K)]
  0x000001886b192940 JavaThread "jar transforms Thread 3"           [_thread_blocked, id=11272, stack(0x0000004917600000,0x0000004917700000) (1024K)]
  0x000001886b193cf0 JavaThread "jar transforms Thread 4"           [_thread_blocked, id=1456, stack(0x0000004917700000,0x0000004917800000) (1024K)]
  0x000001886b192fd0 JavaThread "Cache worker for file content cache (C:\Users\peter\.gradle\caches\8.7\fileContent)"        [_thread_blocked, id=7132, stack(0x0000004917b00000,0x0000004917c00000) (1024K)]
  0x000001886fa53bf0 JavaThread "Memory manager"                    [_thread_blocked, id=6228, stack(0x0000004918300000,0x0000004918400000) (1024K)]
  0x000001886e7bee40 JavaThread "Daemon Thread 3"                   [_thread_blocked, id=12964, stack(0x0000004914b00000,0x0000004914c00000) (1024K)]
  0x000001886e7c0f10 JavaThread "Handler for socket connection from /127.0.0.1:51785 to /127.0.0.1:52018"        [_thread_in_native, id=11176, stack(0x0000004914c00000,0x0000004914d00000) (1024K)]
  0x000001886e7c0880 JavaThread "Cancel handler"                    [_thread_blocked, id=13072, stack(0x0000004914d00000,0x0000004914e00000) (1024K)]
  0x000001886e7c1c30 JavaThread "Daemon worker Thread 3"            [_thread_blocked, id=10504, stack(0x0000004916000000,0x0000004916100000) (1024K)]
  0x000001886e7c22c0 JavaThread "Asynchronous log dispatcher for DefaultDaemonConnection: socket connection from /127.0.0.1:51785 to /127.0.0.1:52018"        [_thread_blocked, id=4244, stack(0x0000004916700000,0x0000004916800000) (1024K)]
  0x000001887e7e6bb0 JavaThread "Stdin handler"                     [_thread_blocked, id=9320, stack(0x0000004916800000,0x0000004916900000) (1024K)]
  0x000001887e7e78d0 JavaThread "Daemon client event forwarder"        [_thread_blocked, id=2612, stack(0x0000004916900000,0x0000004916a00000) (1024K)]
  0x000001887e7ec790 JavaThread "Cache worker for file hash cache (D:\AndroidDev\SSTaskLoader\.gradle\8.7\fileHashes)"        [_thread_blocked, id=1484, stack(0x0000004916a00000,0x0000004916b00000) (1024K)]
  0x000001887e7eb3e0 JavaThread "Cache worker for checksums cache (D:\AndroidDev\SSTaskLoader\.gradle\8.7\checksums)"        [_thread_blocked, id=11052, stack(0x0000004916b00000,0x0000004916c00000) (1024K)]
  0x000001887e7ea030 JavaThread "Cache worker for cache directory md-supplier (C:\Users\peter\.gradle\caches\8.7\md-supplier)"        [_thread_blocked, id=7120, stack(0x0000004916c00000,0x0000004916d00000) (1024K)]
  0x000001887e7e7240 JavaThread "Cache worker for cache directory md-rule (C:\Users\peter\.gradle\caches\8.7\md-rule)"        [_thread_blocked, id=12912, stack(0x0000004916d00000,0x0000004916e00000) (1024K)]
  0x000001887e5ebc30 JavaThread "Cache worker for Build Output Cleanup Cache (D:\AndroidDev\SSTaskLoader\.gradle\buildOutputCleanup)"        [_thread_blocked, id=12356, stack(0x0000004917800000,0x0000004917900000) (1024K)]
  0x000001887e5e9b60 JavaThread "Unconstrained build operations"        [_thread_blocked, id=13068, stack(0x0000004917100000,0x0000004917200000) (1024K)]
  0x000001887e5ea1f0 JavaThread "Unconstrained build operations Thread 2"        [_thread_blocked, id=8532, stack(0x0000004917900000,0x0000004917a00000) (1024K)]
  0x000001887e5e66e0 JavaThread "Unconstrained build operations Thread 3"        [_thread_blocked, id=12124, stack(0x0000004917a00000,0x0000004917b00000) (1024K)]
  0x000001887e5e8120 JavaThread "build event listener"              [_thread_blocked, id=12456, stack(0x0000004917d00000,0x0000004917e00000) (1024K)]
  0x000001887e5ec2c0 JavaThread "build event listener"              [_thread_blocked, id=5172, stack(0x0000004917e00000,0x0000004917f00000) (1024K)]
  0x000001886fa54fa0 JavaThread "included builds"                   [_thread_blocked, id=9624, stack(0x0000004917f00000,0x0000004918000000) (1024K)]
  0x000001886fa54280 JavaThread "Execution worker"                  [_thread_blocked, id=3572, stack(0x0000004918000000,0x0000004918100000) (1024K)]
  0x000001886fa55cc0 JavaThread "Execution worker Thread 2"         [_thread_blocked, id=5536, stack(0x0000004918100000,0x0000004918200000) (1024K)]
  0x000001886fa50770 JavaThread "Execution worker Thread 3"         [_thread_blocked, id=5092, stack(0x0000004918200000,0x0000004918300000) (1024K)]
  0x000001886fa55630 JavaThread "Cache worker for execution history cache (D:\AndroidDev\SSTaskLoader\.gradle\8.7\executionHistory)"        [_thread_blocked, id=8992, stack(0x0000004918400000,0x0000004918500000) (1024K)]
  0x000001886fa53560 JavaThread "Unconstrained build operations Thread 4"        [_thread_blocked, id=632, stack(0x0000004918500000,0x0000004918600000) (1024K)]
  0x000001886fa521b0 JavaThread "Unconstrained build operations Thread 5"        [_thread_blocked, id=9240, stack(0x0000004918600000,0x0000004918700000) (1024K)]
  0x000001886fa51b20 JavaThread "Unconstrained build operations Thread 6"        [_thread_blocked, id=3848, stack(0x0000004918700000,0x0000004918800000) (1024K)]
  0x000001887e7e5e90 JavaThread "WorkerExecutor Queue"              [_thread_blocked, id=6500, stack(0x0000004918800000,0x0000004918900000) (1024K)]
  0x000001887e7eba70 JavaThread "Unconstrained build operations Thread 7"        [_thread_blocked, id=11300, stack(0x0000004918900000,0x0000004918a00000) (1024K)]
  0x000001887e7e9310 JavaThread "Unconstrained build operations Thread 8"        [_thread_blocked, id=6264, stack(0x0000004918a00000,0x0000004918b00000) (1024K)]
  0x000001887e7ed4b0 JavaThread "Unconstrained build operations Thread 9"        [_thread_blocked, id=10748, stack(0x0000004918b00000,0x0000004918c00000) (1024K)]
  0x000001887e7ee860 JavaThread "WorkerExecutor Queue Thread 2"        [_thread_blocked, id=12828, stack(0x0000004918c00000,0x0000004918d00000) (1024K)]
  0x000001887e7e7f60 JavaThread "WorkerExecutor Queue Thread 3"        [_thread_blocked, id=3052, stack(0x0000004918d00000,0x0000004918e00000) (1024K)]
  0x000001887e7ef580 JavaThread "WorkerExecutor Queue Thread 4"        [_thread_blocked, id=12020, stack(0x0000004918e00000,0x0000004918f00000) (1024K)]
  0x00000188840c6a10 JavaThread "Unconstrained build operations Thread 10"        [_thread_blocked, id=5428, stack(0x0000004918f00000,0x0000004919000000) (1024K)]
  0x00000188840c14c0 JavaThread "Unconstrained build operations Thread 11"        [_thread_blocked, id=10000, stack(0x0000004919000000,0x0000004919100000) (1024K)]
  0x00000188840c1b50 JavaThread "Unconstrained build operations Thread 12"        [_thread_blocked, id=1568, stack(0x0000004919100000,0x0000004919200000) (1024K)]
  0x00000188840c2f00 JavaThread "Unconstrained build operations Thread 13"        [_thread_blocked, id=3096, stack(0x0000004919200000,0x0000004919300000) (1024K)]
  0x00000188840c4940 JavaThread "Unconstrained build operations Thread 14"        [_thread_blocked, id=2900, stack(0x0000004917c00000,0x0000004917d00000) (1024K)]
  0x00000188840c0e30 JavaThread "Unconstrained build operations Thread 15"        [_thread_blocked, id=7968, stack(0x0000004919300000,0x0000004919400000) (1024K)]
  0x00000188840c5cf0 JavaThread "Unconstrained build operations Thread 16"        [_thread_blocked, id=116, stack(0x0000004919400000,0x0000004919500000) (1024K)]
  0x00000188840c2870 JavaThread "Unconstrained build operations Thread 17"        [_thread_blocked, id=12224, stack(0x0000004919600000,0x0000004919700000) (1024K)]
  0x00000188840c3c20 JavaThread "Unconstrained build operations Thread 18"        [_thread_blocked, id=4688, stack(0x0000004919700000,0x0000004919800000) (1024K)]
  0x00000188840c70a0 JavaThread "Unconstrained build operations Thread 19"        [_thread_blocked, id=3280, stack(0x0000004919800000,0x0000004919900000) (1024K)]
  0x00000188840c6380 JavaThread "Unconstrained build operations Thread 20"        [_thread_blocked, id=11584, stack(0x0000004919900000,0x0000004919a00000) (1024K)]
  0x00000188840c0110 JavaThread "Unconstrained build operations Thread 21"        [_thread_blocked, id=9500, stack(0x0000004919a00000,0x0000004919b00000) (1024K)]
  0x00000188840c4fd0 JavaThread "Unconstrained build operations Thread 22"        [_thread_blocked, id=11708, stack(0x0000004919b00000,0x0000004919c00000) (1024K)]
  0x000001886dcb1f00 JavaThread "Unconstrained build operations Thread 23"        [_thread_blocked, id=5912, stack(0x0000004919d00000,0x0000004919e00000) (1024K)]
  0x000001887fc7f7c0 JavaThread "Unconstrained build operations Thread 24"        [_thread_blocked, id=10004, stack(0x0000004919500000,0x0000004919600000) (1024K)]
  0x000001887fc7d060 JavaThread "Unconstrained build operations Thread 25"        [_thread_blocked, id=2760, stack(0x0000004919e00000,0x0000004919f00000) (1024K)]
  0x000001887fc7fe50 JavaThread "Unconstrained build operations Thread 26"        [_thread_blocked, id=13128, stack(0x0000004919f00000,0x000000491a000000) (1024K)]
  0x000001887fc804e0 JavaThread "pool-8-thread-1"                   [_thread_blocked, id=1140, stack(0x000000491a100000,0x000000491a200000) (1024K)]
  0x000001886e63e6f0 JavaThread "stderr"                            [_thread_in_native, id=5868, stack(0x000000491a200000,0x000000491a300000) (1024K)]
  0x000001886e6407c0 JavaThread "stdout"                            [_thread_in_native, id=5132, stack(0x000000491a300000,0x000000491a400000) (1024K)]
  0x00000188840c5660 JavaThread "Unconstrained build operations Thread 27"        [_thread_blocked, id=6052, stack(0x000000491a000000,0x000000491a100000) (1024K)]
  0x00000188840c7730 JavaThread "Unconstrained build operations Thread 28"        [_thread_blocked, id=3112, stack(0x000000491a400000,0x000000491a500000) (1024K)]
  0x00000188840c07a0 JavaThread "Unconstrained build operations Thread 29"        [_thread_blocked, id=4444, stack(0x000000491a500000,0x000000491a600000) (1024K)]
  0x00000188413d1cc0 JavaThread "C2 CompilerThread1"         daemon [_thread_in_native, id=11292, stack(0x000000491a600000,0x000000491a700000) (1024K)]
  0x000001886e640130 JavaThread "Unconstrained build operations Thread 30"        [_thread_blocked, id=9716, stack(0x000000491a700000,0x000000491a800000) (1024K)]
  0x000001886e63f410 JavaThread "Unconstrained build operations Thread 31"        [_thread_blocked, id=11004, stack(0x000000491a800000,0x000000491a900000) (1024K)]
  0x000001886e6414e0 JavaThread "Unconstrained build operations Thread 32"        [_thread_blocked, id=10680, stack(0x000000491a900000,0x000000491aa00000) (1024K)]
Total: 84

Other Threads:
  0x000001886475a380 VMThread "VM Thread"                           [id=11020, stack(0x0000004915500000,0x0000004915600000) (1024K)]
  0x00000188647478d0 WatcherThread "VM Periodic Task Thread"        [id=11356, stack(0x0000004915400000,0x0000004915500000) (1024K)]
  0x00000188483cbb20 WorkerThread "GC Thread#0"                     [id=9712, stack(0x0000004914f00000,0x0000004915000000) (1024K)]
  0x0000018864abceb0 WorkerThread "GC Thread#1"                     [id=2804, stack(0x0000004916100000,0x0000004916200000) (1024K)]
=>0x0000018864b86c40 WorkerThread "GC Thread#2"                     [id=11832, stack(0x0000004916200000,0x0000004916300000) (1024K)]
  0x00000188690250d0 WorkerThread "GC Thread#3"                     [id=7872, stack(0x0000004916300000,0x0000004916400000) (1024K)]
  0x00000188483dcbd0 ConcurrentGCThread "G1 Main Marker"            [id=5108, stack(0x0000004915000000,0x0000004915100000) (1024K)]
  0x00000188483ddd90 WorkerThread "G1 Conc#0"                       [id=12772, stack(0x0000004915100000,0x0000004915200000) (1024K)]
  0x000001886460a100 ConcurrentGCThread "G1 Refine#0"               [id=12208, stack(0x0000004915200000,0x0000004915300000) (1024K)]
  0x000001886460aa90 ConcurrentGCThread "G1 Service"                [id=11468, stack(0x0000004915300000,0x0000004915400000) (1024K)]
Total: 10

Threads with active compile tasks:
C2 CompilerThread0  1347953 48579       4       com.android.tools.r8.internal.hd::a (6886 bytes)
C2 CompilerThread1  1347953 48484 %     4       com.android.tools.r8.ir.regalloc.b::a @ 676 (1862 bytes)
Total: 2

VM state: at safepoint (normal execution)

VM Mutex/Monitor currently owned by a thread:  ([mutex/lock_event])
[0x00007ff8dcabc8f0] Threads_lock - owner thread: 0x000001886475a380
[0x00007ff8dcabc9f0] Heap_lock - owner thread: 0x000001886e640130

Heap address: 0x0000000080000000, size: 2048 MB, Compressed Oops mode: 32-bit

CDS archive(s) mapped at: [0x0000018800000000-0x0000018800c80000-0x0000018800c80000), size 13107200, SharedBaseAddress: 0x0000018800000000, ArchiveRelocationMode: 1.
Compressed class space mapped at: 0x0000018801000000-0x0000018841000000, reserved size: 1073741824
Narrow klass base: 0x0000018800000000, Narrow klass shift: 0, Narrow klass range: 0x100000000

GC Precious Log:
 CardTable entry size: 512
 Card Set container configuration: InlinePtr #cards 5 size 8 Array Of Cards #cards 12 size 40 Howl #buckets 4 coarsen threshold 1843 Howl Bitmap #cards 512 size 80 coarsen threshold 460 Card regions per heap region 1 cards per card region 2048
 CPUs: 4 total, 4 available
 Memory: 8103M
 Large Page Support: Disabled
 NUMA Support: Disabled
 Compressed Oops: Enabled (32-bit)
 Heap Region Size: 1M
 Heap Min Capacity: 8M
 Heap Initial Capacity: 128M
 Heap Max Capacity: 2G
 Pre-touch: Disabled
 Parallel Workers: 4
 Concurrent Workers: 1
 Concurrent Refinement Workers: 4
 Periodic GC: Disabled

Heap:
 garbage-first heap   total 508928K, used 465606K [0x0000000080000000, 0x0000000100000000)
  region size 1024K, 178 young (182272K), 15 survivors (15360K)
 Metaspace       used 231404K, committed 234688K, reserved 1310720K
  class space    used 29196K, committed 30784K, reserved 1048576K

Heap Regions: E=young(eden), S=young(survivor), O=old, HS=humongous(starts), HC=humongous(continues), CS=collection set, F=free, TAMS=top-at-mark-start, PB=parsable bottom
|   0|0x0000000080000000, 0x0000000080100000, 0x0000000080100000|100%| O|  |TAMS 0x0000000080000000| PB 0x0000000080000000| Untracked 
|   1|0x0000000080100000, 0x0000000080200000, 0x0000000080200000|100%|HS|  |TAMS 0x0000000080200000| PB 0x0000000080100000| Complete 
|   2|0x0000000080200000, 0x0000000080300000, 0x0000000080300000|100%|HC|  |TAMS 0x0000000080300000| PB 0x0000000080200000| Complete 
|   3|0x0000000080300000, 0x0000000080400000, 0x0000000080400000|100%|HC|  |TAMS 0x0000000080400000| PB 0x0000000080300000| Complete 
|   4|0x0000000080400000, 0x0000000080500000, 0x0000000080500000|100%|HC|  |TAMS 0x0000000080500000| PB 0x0000000080400000| Complete 
|   5|0x0000000080500000, 0x0000000080600000, 0x0000000080600000|100%| O|  |TAMS 0x0000000080600000| PB 0x0000000080500000| Untracked 
|   6|0x0000000080600000, 0x0000000080700000, 0x0000000080700000|100%| O|  |TAMS 0x0000000080700000| PB 0x0000000080600000| Untracked 
|   7|0x0000000080700000, 0x0000000080800000, 0x0000000080800000|100%| O|  |TAMS 0x0000000080800000| PB 0x0000000080700000| Untracked 
|   8|0x0000000080800000, 0x0000000080900000, 0x0000000080900000|100%| O|  |TAMS 0x0000000080900000| PB 0x0000000080800000| Untracked 
|   9|0x0000000080900000, 0x0000000080a00000, 0x0000000080a00000|100%| O|  |TAMS 0x0000000080a00000| PB 0x0000000080900000| Untracked 
|  10|0x0000000080a00000, 0x0000000080b00000, 0x0000000080b00000|100%| O|  |TAMS 0x0000000080b00000| PB 0x0000000080a00000| Untracked 
|  11|0x0000000080b00000, 0x0000000080c00000, 0x0000000080c00000|100%| O|  |TAMS 0x0000000080c00000| PB 0x0000000080b00000| Untracked 
|  12|0x0000000080c00000, 0x0000000080d00000, 0x0000000080d00000|100%| O|  |TAMS 0x0000000080d00000| PB 0x0000000080c00000| Untracked 
|  13|0x0000000080d00000, 0x0000000080e00000, 0x0000000080e00000|100%| O|  |TAMS 0x0000000080e00000| PB 0x0000000080d00000| Untracked 
|  14|0x0000000080e00000, 0x0000000080f00000, 0x0000000080f00000|100%| O|  |TAMS 0x0000000080f00000| PB 0x0000000080e00000| Untracked 
|  15|0x0000000080f00000, 0x0000000081000000, 0x0000000081000000|100%| O|  |TAMS 0x0000000081000000| PB 0x0000000080f00000| Untracked 
|  16|0x0000000081000000, 0x0000000081100000, 0x0000000081100000|100%| O|  |TAMS 0x0000000081100000| PB 0x0000000081000000| Untracked 
|  17|0x0000000081100000, 0x0000000081200000, 0x0000000081200000|100%| O|  |TAMS 0x0000000081200000| PB 0x0000000081100000| Untracked 
|  18|0x0000000081200000, 0x0000000081300000, 0x0000000081300000|100%| O|  |TAMS 0x0000000081300000| PB 0x0000000081200000| Untracked 
|  19|0x0000000081300000, 0x0000000081400000, 0x0000000081400000|100%| O|  |TAMS 0x0000000081400000| PB 0x0000000081300000| Untracked 
|  20|0x0000000081400000, 0x0000000081500000, 0x0000000081500000|100%| O|  |TAMS 0x0000000081500000| PB 0x0000000081400000| Untracked 
|  21|0x0000000081500000, 0x0000000081600000, 0x0000000081600000|100%|HS|  |TAMS 0x0000000081600000| PB 0x0000000081500000| Complete 
|  22|0x0000000081600000, 0x0000000081700000, 0x0000000081700000|100%|HC|  |TAMS 0x0000000081700000| PB 0x0000000081600000| Complete 
|  23|0x0000000081700000, 0x0000000081800000, 0x0000000081800000|100%|HC|  |TAMS 0x0000000081800000| PB 0x0000000081700000| Complete 
|  24|0x0000000081800000, 0x0000000081900000, 0x0000000081900000|100%|HC|  |TAMS 0x0000000081900000| PB 0x0000000081800000| Complete 
|  25|0x0000000081900000, 0x0000000081a00000, 0x0000000081a00000|100%|HC|  |TAMS 0x0000000081a00000| PB 0x0000000081900000| Complete 
|  26|0x0000000081a00000, 0x0000000081b00000, 0x0000000081b00000|100%|HC|  |TAMS 0x0000000081b00000| PB 0x0000000081a00000| Complete 
|  27|0x0000000081b00000, 0x0000000081c00000, 0x0000000081c00000|100%|HS|  |TAMS 0x0000000081c00000| PB 0x0000000081b00000| Complete 
|  28|0x0000000081c00000, 0x0000000081d00000, 0x0000000081d00000|100%|HS|  |TAMS 0x0000000081d00000| PB 0x0000000081c00000| Complete 
|  29|0x0000000081d00000, 0x0000000081e00000, 0x0000000081e00000|100%|HS|  |TAMS 0x0000000081e00000| PB 0x0000000081d00000| Complete 
|  30|0x0000000081e00000, 0x0000000081f00000, 0x0000000081f00000|100%|HC|  |TAMS 0x0000000081f00000| PB 0x0000000081e00000| Complete 
|  31|0x0000000081f00000, 0x0000000082000000, 0x0000000082000000|100%|HC|  |TAMS 0x0000000082000000| PB 0x0000000081f00000| Complete 
|  32|0x0000000082000000, 0x0000000082100000, 0x0000000082100000|100%|HC|  |TAMS 0x0000000082100000| PB 0x0000000082000000| Complete 
|  33|0x0000000082100000, 0x0000000082200000, 0x0000000082200000|100%|HC|  |TAMS 0x0000000082200000| PB 0x0000000082100000| Complete 
|  34|0x0000000082200000, 0x0000000082300000, 0x0000000082300000|100%|HC|  |TAMS 0x0000000082300000| PB 0x0000000082200000| Complete 
|  35|0x0000000082300000, 0x0000000082400000, 0x0000000082400000|100%|HS|  |TAMS 0x0000000082400000| PB 0x0000000082300000| Complete 
|  36|0x0000000082400000, 0x0000000082500000, 0x0000000082500000|100%|HS|  |TAMS 0x0000000082500000| PB 0x0000000082400000| Complete 
|  37|0x0000000082500000, 0x0000000082600000, 0x0000000082600000|100%| O|  |TAMS 0x0000000082600000| PB 0x0000000082500000| Untracked 
|  38|0x0000000082600000, 0x0000000082700000, 0x0000000082700000|100%| O|  |TAMS 0x0000000082700000| PB 0x0000000082600000| Untracked 
|  39|0x0000000082700000, 0x0000000082800000, 0x0000000082800000|100%| O|  |TAMS 0x0000000082800000| PB 0x0000000082700000| Untracked 
|  40|0x0000000082800000, 0x0000000082900000, 0x0000000082900000|100%| O|  |TAMS 0x0000000082900000| PB 0x0000000082800000| Untracked 
|  41|0x0000000082900000, 0x0000000082a00000, 0x0000000082a00000|100%| O|  |TAMS 0x0000000082a00000| PB 0x0000000082900000| Untracked 
|  42|0x0000000082a00000, 0x0000000082b00000, 0x0000000082b00000|100%| O|  |TAMS 0x0000000082b00000| PB 0x0000000082a00000| Untracked 
|  43|0x0000000082b00000, 0x0000000082c00000, 0x0000000082c00000|100%| O|  |TAMS 0x0000000082c00000| PB 0x0000000082b00000| Untracked 
|  44|0x0000000082c00000, 0x0000000082d00000, 0x0000000082d00000|100%| O|  |TAMS 0x0000000082d00000| PB 0x0000000082c00000| Untracked 
|  45|0x0000000082d00000, 0x0000000082e00000, 0x0000000082e00000|100%| O|  |TAMS 0x0000000082e00000| PB 0x0000000082d00000| Untracked 
|  46|0x0000000082e00000, 0x0000000082f00000, 0x0000000082f00000|100%| O|  |TAMS 0x0000000082f00000| PB 0x0000000082e00000| Untracked 
|  47|0x0000000082f00000, 0x0000000083000000, 0x0000000083000000|100%| O|  |TAMS 0x0000000083000000| PB 0x0000000082f00000| Untracked 
|  48|0x0000000083000000, 0x0000000083100000, 0x0000000083100000|100%| O|  |TAMS 0x0000000083100000| PB 0x0000000083000000| Untracked 
|  49|0x0000000083100000, 0x0000000083200000, 0x0000000083200000|100%| O|  |TAMS 0x0000000083200000| PB 0x0000000083100000| Untracked 
|  50|0x0000000083200000, 0x0000000083300000, 0x0000000083300000|100%| O|  |TAMS 0x0000000083300000| PB 0x0000000083200000| Untracked 
|  51|0x0000000083300000, 0x0000000083400000, 0x0000000083400000|100%| O|  |TAMS 0x0000000083400000| PB 0x0000000083300000| Untracked 
|  52|0x0000000083400000, 0x0000000083500000, 0x0000000083500000|100%| O|  |TAMS 0x0000000083500000| PB 0x0000000083400000| Untracked 
|  53|0x0000000083500000, 0x0000000083600000, 0x0000000083600000|100%| O|  |TAMS 0x0000000083600000| PB 0x0000000083500000| Untracked 
|  54|0x0000000083600000, 0x0000000083700000, 0x0000000083700000|100%| O|  |TAMS 0x0000000083700000| PB 0x0000000083600000| Untracked 
|  55|0x0000000083700000, 0x0000000083800000, 0x0000000083800000|100%| O|  |TAMS 0x0000000083800000| PB 0x0000000083700000| Untracked 
|  56|0x0000000083800000, 0x0000000083900000, 0x0000000083900000|100%| O|  |TAMS 0x0000000083900000| PB 0x0000000083800000| Untracked 
|  57|0x0000000083900000, 0x0000000083a00000, 0x0000000083a00000|100%| O|  |TAMS 0x0000000083a00000| PB 0x0000000083900000| Untracked 
|  58|0x0000000083a00000, 0x0000000083b00000, 0x0000000083b00000|100%| O|  |TAMS 0x0000000083b00000| PB 0x0000000083a00000| Untracked 
|  59|0x0000000083b00000, 0x0000000083c00000, 0x0000000083c00000|100%| O|  |TAMS 0x0000000083c00000| PB 0x0000000083b00000| Untracked 
|  60|0x0000000083c00000, 0x0000000083d00000, 0x0000000083d00000|100%| O|  |TAMS 0x0000000083d00000| PB 0x0000000083c00000| Untracked 
|  61|0x0000000083d00000, 0x0000000083e00000, 0x0000000083e00000|100%| O|  |TAMS 0x0000000083e00000| PB 0x0000000083d00000| Untracked 
|  62|0x0000000083e00000, 0x0000000083f00000, 0x0000000083f00000|100%| O|  |TAMS 0x0000000083f00000| PB 0x0000000083e00000| Untracked 
|  63|0x0000000083f00000, 0x0000000084000000, 0x0000000084000000|100%| O|  |TAMS 0x0000000084000000| PB 0x0000000083f00000| Untracked 
|  64|0x0000000084000000, 0x0000000084100000, 0x0000000084100000|100%| O|  |TAMS 0x0000000084100000| PB 0x0000000084000000| Untracked 
|  65|0x0000000084100000, 0x0000000084200000, 0x0000000084200000|100%| O|  |TAMS 0x0000000084100000| PB 0x0000000084100000| Untracked 
|  66|0x0000000084200000, 0x0000000084300000, 0x0000000084300000|100%| O|  |TAMS 0x0000000084300000| PB 0x0000000084200000| Untracked 
|  67|0x0000000084300000, 0x0000000084400000, 0x0000000084400000|100%| O|  |TAMS 0x0000000084400000| PB 0x0000000084300000| Untracked 
|  68|0x0000000084400000, 0x0000000084500000, 0x0000000084500000|100%| O|  |TAMS 0x0000000084500000| PB 0x0000000084400000| Untracked 
|  69|0x0000000084500000, 0x0000000084600000, 0x0000000084600000|100%| O|  |TAMS 0x0000000084600000| PB 0x0000000084500000| Untracked 
|  70|0x0000000084600000, 0x0000000084700000, 0x0000000084700000|100%| O|  |TAMS 0x0000000084700000| PB 0x0000000084600000| Untracked 
|  71|0x0000000084700000, 0x0000000084800000, 0x0000000084800000|100%| O|  |TAMS 0x0000000084800000| PB 0x0000000084700000| Untracked 
|  72|0x0000000084800000, 0x0000000084900000, 0x0000000084900000|100%| O|  |TAMS 0x0000000084900000| PB 0x0000000084800000| Untracked 
|  73|0x0000000084900000, 0x0000000084a00000, 0x0000000084a00000|100%|HS|  |TAMS 0x0000000084a00000| PB 0x0000000084900000| Complete 
|  74|0x0000000084a00000, 0x0000000084b00000, 0x0000000084b00000|100%|HS|  |TAMS 0x0000000084b00000| PB 0x0000000084a00000| Complete 
|  75|0x0000000084b00000, 0x0000000084c00000, 0x0000000084c00000|100%| O|  |TAMS 0x0000000084c00000| PB 0x0000000084b00000| Untracked 
|  76|0x0000000084c00000, 0x0000000084d00000, 0x0000000084d00000|100%| O|  |TAMS 0x0000000084d00000| PB 0x0000000084c00000| Untracked 
|  77|0x0000000084d00000, 0x0000000084e00000, 0x0000000084e00000|100%|HS|  |TAMS 0x0000000084e00000| PB 0x0000000084d00000| Complete 
|  78|0x0000000084e00000, 0x0000000084f00000, 0x0000000084f00000|100%| O|  |TAMS 0x0000000084f00000| PB 0x0000000084e00000| Untracked 
|  79|0x0000000084f00000, 0x0000000085000000, 0x0000000085000000|100%| O|  |TAMS 0x0000000085000000| PB 0x0000000084f00000| Untracked 
|  80|0x0000000085000000, 0x0000000085100000, 0x0000000085100000|100%| O|  |TAMS 0x0000000085100000| PB 0x0000000085000000| Untracked 
|  81|0x0000000085100000, 0x0000000085200000, 0x0000000085200000|100%| O|  |TAMS 0x0000000085200000| PB 0x0000000085100000| Untracked 
|  82|0x0000000085200000, 0x0000000085300000, 0x0000000085300000|100%| O|  |TAMS 0x0000000085300000| PB 0x0000000085200000| Untracked 
|  83|0x0000000085300000, 0x0000000085400000, 0x0000000085400000|100%|HS|  |TAMS 0x0000000085400000| PB 0x0000000085300000| Complete 
|  84|0x0000000085400000, 0x0000000085500000, 0x0000000085500000|100%| O|  |TAMS 0x0000000085500000| PB 0x0000000085400000| Untracked 
|  85|0x0000000085500000, 0x0000000085600000, 0x0000000085600000|100%| O|  |TAMS 0x0000000085600000| PB 0x0000000085500000| Untracked 
|  86|0x0000000085600000, 0x0000000085700000, 0x0000000085700000|100%| O|  |TAMS 0x0000000085700000| PB 0x0000000085600000| Untracked 
|  87|0x0000000085700000, 0x0000000085800000, 0x0000000085800000|100%| O|  |TAMS 0x0000000085800000| PB 0x0000000085700000| Untracked 
|  88|0x0000000085800000, 0x0000000085900000, 0x0000000085900000|100%| O|  |TAMS 0x0000000085900000| PB 0x0000000085800000| Untracked 
|  89|0x0000000085900000, 0x0000000085a00000, 0x0000000085a00000|100%| O|  |TAMS 0x0000000085a00000| PB 0x0000000085900000| Untracked 
|  90|0x0000000085a00000, 0x0000000085b00000, 0x0000000085b00000|100%| O|  |TAMS 0x0000000085b00000| PB 0x0000000085a00000| Untracked 
|  91|0x0000000085b00000, 0x0000000085c00000, 0x0000000085c00000|100%| O|  |TAMS 0x0000000085c00000| PB 0x0000000085b00000| Untracked 
|  92|0x0000000085c00000, 0x0000000085d00000, 0x0000000085d00000|100%| O|  |TAMS 0x0000000085d00000| PB 0x0000000085c00000| Untracked 
|  93|0x0000000085d00000, 0x0000000085e00000, 0x0000000085e00000|100%| O|  |TAMS 0x0000000085e00000| PB 0x0000000085d00000| Untracked 
|  94|0x0000000085e00000, 0x0000000085f00000, 0x0000000085f00000|100%| O|  |TAMS 0x0000000085f00000| PB 0x0000000085e00000| Untracked 
|  95|0x0000000085f00000, 0x0000000086000000, 0x0000000086000000|100%| O|  |TAMS 0x0000000086000000| PB 0x0000000085f00000| Untracked 
|  96|0x0000000086000000, 0x0000000086100000, 0x0000000086100000|100%| O|  |TAMS 0x0000000086100000| PB 0x0000000086000000| Untracked 
|  97|0x0000000086100000, 0x0000000086200000, 0x0000000086200000|100%| O|  |TAMS 0x0000000086200000| PB 0x0000000086100000| Untracked 
|  98|0x0000000086200000, 0x0000000086300000, 0x0000000086300000|100%| O|  |TAMS 0x0000000086300000| PB 0x0000000086200000| Untracked 
|  99|0x0000000086300000, 0x0000000086400000, 0x0000000086400000|100%| O|  |TAMS 0x0000000086400000| PB 0x0000000086300000| Untracked 
| 100|0x0000000086400000, 0x0000000086500000, 0x0000000086500000|100%| O|  |TAMS 0x0000000086500000| PB 0x0000000086400000| Untracked 
| 101|0x0000000086500000, 0x0000000086600000, 0x0000000086600000|100%| O|  |TAMS 0x0000000086600000| PB 0x0000000086500000| Untracked 
| 102|0x0000000086600000, 0x0000000086700000, 0x0000000086700000|100%| O|  |TAMS 0x0000000086700000| PB 0x0000000086600000| Untracked 
| 103|0x0000000086700000, 0x0000000086800000, 0x0000000086800000|100%|HS|  |TAMS 0x0000000086800000| PB 0x0000000086700000| Complete 
| 104|0x0000000086800000, 0x0000000086900000, 0x0000000086900000|100%|HC|  |TAMS 0x0000000086900000| PB 0x0000000086800000| Complete 
| 105|0x0000000086900000, 0x0000000086a00000, 0x0000000086a00000|100%|HS|  |TAMS 0x0000000086a00000| PB 0x0000000086900000| Complete 
| 106|0x0000000086a00000, 0x0000000086b00000, 0x0000000086b00000|100%| O|  |TAMS 0x0000000086b00000| PB 0x0000000086a00000| Untracked 
| 107|0x0000000086b00000, 0x0000000086c00000, 0x0000000086c00000|100%|HS|  |TAMS 0x0000000086c00000| PB 0x0000000086b00000| Complete 
| 108|0x0000000086c00000, 0x0000000086d00000, 0x0000000086d00000|100%|HC|  |TAMS 0x0000000086d00000| PB 0x0000000086c00000| Complete 
| 109|0x0000000086d00000, 0x0000000086e00000, 0x0000000086e00000|100%|HS|  |TAMS 0x0000000086e00000| PB 0x0000000086d00000| Complete 
| 110|0x0000000086e00000, 0x0000000086f00000, 0x0000000086f00000|100%|HC|  |TAMS 0x0000000086f00000| PB 0x0000000086e00000| Complete 
| 111|0x0000000086f00000, 0x0000000087000000, 0x0000000087000000|100%|HC|  |TAMS 0x0000000087000000| PB 0x0000000086f00000| Complete 
| 112|0x0000000087000000, 0x0000000087100000, 0x0000000087100000|100%|HC|  |TAMS 0x0000000087100000| PB 0x0000000087000000| Complete 
| 113|0x0000000087100000, 0x0000000087200000, 0x0000000087200000|100%| O|  |TAMS 0x0000000087200000| PB 0x0000000087100000| Untracked 
| 114|0x0000000087200000, 0x0000000087300000, 0x0000000087300000|100%| O|  |TAMS 0x0000000087300000| PB 0x0000000087200000| Untracked 
| 115|0x0000000087300000, 0x0000000087400000, 0x0000000087400000|100%|HS|  |TAMS 0x0000000087400000| PB 0x0000000087300000| Complete 
| 116|0x0000000087400000, 0x0000000087500000, 0x0000000087500000|100%| O|  |TAMS 0x0000000087500000| PB 0x0000000087400000| Untracked 
| 117|0x0000000087500000, 0x0000000087600000, 0x0000000087600000|100%| O|  |TAMS 0x0000000087600000| PB 0x0000000087500000| Untracked 
| 118|0x0000000087600000, 0x0000000087700000, 0x0000000087700000|100%| O|  |TAMS 0x0000000087700000| PB 0x0000000087600000| Untracked 
| 119|0x0000000087700000, 0x0000000087800000, 0x0000000087800000|100%| O|  |TAMS 0x0000000087800000| PB 0x0000000087700000| Untracked 
| 120|0x0000000087800000, 0x0000000087900000, 0x0000000087900000|100%| O|  |TAMS 0x0000000087900000| PB 0x0000000087800000| Untracked 
| 121|0x0000000087900000, 0x0000000087a00000, 0x0000000087a00000|100%| O|  |TAMS 0x0000000087a00000| PB 0x0000000087900000| Untracked 
| 122|0x0000000087a00000, 0x0000000087b00000, 0x0000000087b00000|100%| O|  |TAMS 0x0000000087b00000| PB 0x0000000087a00000| Untracked 
| 123|0x0000000087b00000, 0x0000000087c00000, 0x0000000087c00000|100%| O|  |TAMS 0x0000000087c00000| PB 0x0000000087b00000| Untracked 
| 124|0x0000000087c00000, 0x0000000087d00000, 0x0000000087d00000|100%|HS|  |TAMS 0x0000000087d00000| PB 0x0000000087c00000| Complete 
| 125|0x0000000087d00000, 0x0000000087e00000, 0x0000000087e00000|100%|HC|  |TAMS 0x0000000087e00000| PB 0x0000000087d00000| Complete 
| 126|0x0000000087e00000, 0x0000000087f00000, 0x0000000087f00000|100%|HC|  |TAMS 0x0000000087f00000| PB 0x0000000087e00000| Complete 
| 127|0x0000000087f00000, 0x0000000088000000, 0x0000000088000000|100%|HC|  |TAMS 0x0000000088000000| PB 0x0000000087f00000| Complete 
| 128|0x0000000088000000, 0x0000000088100000, 0x0000000088100000|100%| O|  |TAMS 0x0000000088100000| PB 0x0000000088000000| Untracked 
| 129|0x0000000088100000, 0x0000000088200000, 0x0000000088200000|100%|HS|  |TAMS 0x0000000088200000| PB 0x0000000088100000| Complete 
| 130|0x0000000088200000, 0x0000000088300000, 0x0000000088300000|100%| O|  |TAMS 0x0000000088300000| PB 0x0000000088200000| Untracked 
| 131|0x0000000088300000, 0x0000000088400000, 0x0000000088400000|100%| O|  |TAMS 0x0000000088400000| PB 0x0000000088300000| Untracked 
| 132|0x0000000088400000, 0x0000000088500000, 0x0000000088500000|100%| O|  |TAMS 0x0000000088500000| PB 0x0000000088400000| Untracked 
| 133|0x0000000088500000, 0x0000000088600000, 0x0000000088600000|100%| O|  |TAMS 0x0000000088600000| PB 0x0000000088500000| Untracked 
| 134|0x0000000088600000, 0x0000000088700000, 0x0000000088700000|100%| O|  |TAMS 0x0000000088700000| PB 0x0000000088600000| Untracked 
| 135|0x0000000088700000, 0x0000000088800000, 0x0000000088800000|100%| O|  |TAMS 0x0000000088800000| PB 0x0000000088700000| Untracked 
| 136|0x0000000088800000, 0x0000000088900000, 0x0000000088900000|100%| O|  |TAMS 0x0000000088900000| PB 0x0000000088800000| Untracked 
| 137|0x0000000088900000, 0x0000000088a00000, 0x0000000088a00000|100%| O|  |TAMS 0x0000000088a00000| PB 0x0000000088900000| Untracked 
| 138|0x0000000088a00000, 0x0000000088b00000, 0x0000000088b00000|100%| O|  |TAMS 0x0000000088b00000| PB 0x0000000088a00000| Untracked 
| 139|0x0000000088b00000, 0x0000000088c00000, 0x0000000088c00000|100%| O|  |TAMS 0x0000000088c00000| PB 0x0000000088b00000| Untracked 
| 140|0x0000000088c00000, 0x0000000088d00000, 0x0000000088d00000|100%| O|  |TAMS 0x0000000088d00000| PB 0x0000000088c00000| Untracked 
| 141|0x0000000088d00000, 0x0000000088e00000, 0x0000000088e00000|100%| O|  |TAMS 0x0000000088e00000| PB 0x0000000088d00000| Untracked 
| 142|0x0000000088e00000, 0x0000000088f00000, 0x0000000088f00000|100%| O|  |TAMS 0x0000000088f00000| PB 0x0000000088e00000| Untracked 
| 143|0x0000000088f00000, 0x0000000089000000, 0x0000000089000000|100%| O|  |TAMS 0x0000000089000000| PB 0x0000000088f00000| Untracked 
| 144|0x0000000089000000, 0x0000000089100000, 0x0000000089100000|100%| O|  |TAMS 0x0000000089100000| PB 0x0000000089000000| Untracked 
| 145|0x0000000089100000, 0x0000000089200000, 0x0000000089200000|100%| O|  |TAMS 0x0000000089200000| PB 0x0000000089100000| Untracked 
| 146|0x0000000089200000, 0x0000000089300000, 0x0000000089300000|100%| O|  |TAMS 0x0000000089300000| PB 0x0000000089200000| Untracked 
| 147|0x0000000089300000, 0x0000000089400000, 0x0000000089400000|100%| O|  |TAMS 0x0000000089400000| PB 0x0000000089300000| Untracked 
| 148|0x0000000089400000, 0x0000000089500000, 0x0000000089500000|100%| O|  |TAMS 0x0000000089500000| PB 0x0000000089400000| Untracked 
| 149|0x0000000089500000, 0x0000000089600000, 0x0000000089600000|100%| O|  |TAMS 0x0000000089600000| PB 0x0000000089500000| Untracked 
| 150|0x0000000089600000, 0x0000000089700000, 0x0000000089700000|100%| O|  |TAMS 0x0000000089700000| PB 0x0000000089600000| Untracked 
| 151|0x0000000089700000, 0x0000000089800000, 0x0000000089800000|100%| O|  |TAMS 0x0000000089800000| PB 0x0000000089700000| Untracked 
| 152|0x0000000089800000, 0x0000000089900000, 0x0000000089900000|100%| O|  |TAMS 0x0000000089900000| PB 0x0000000089800000| Untracked 
| 153|0x0000000089900000, 0x0000000089a00000, 0x0000000089a00000|100%| O|  |TAMS 0x0000000089a00000| PB 0x0000000089900000| Untracked 
| 154|0x0000000089a00000, 0x0000000089b00000, 0x0000000089b00000|100%| O|  |TAMS 0x0000000089b00000| PB 0x0000000089a00000| Untracked 
| 155|0x0000000089b00000, 0x0000000089c00000, 0x0000000089c00000|100%| O|  |TAMS 0x0000000089c00000| PB 0x0000000089b00000| Untracked 
| 156|0x0000000089c00000, 0x0000000089d00000, 0x0000000089d00000|100%| O|  |TAMS 0x0000000089d00000| PB 0x0000000089c00000| Untracked 
| 157|0x0000000089d00000, 0x0000000089e00000, 0x0000000089e00000|100%| O|  |TAMS 0x0000000089e00000| PB 0x0000000089d00000| Untracked 
| 158|0x0000000089e00000, 0x0000000089f00000, 0x0000000089f00000|100%| O|  |TAMS 0x0000000089f00000| PB 0x0000000089e00000| Untracked 
| 159|0x0000000089f00000, 0x000000008a000000, 0x000000008a000000|100%| O|  |TAMS 0x000000008a000000| PB 0x0000000089f00000| Untracked 
| 160|0x000000008a000000, 0x000000008a100000, 0x000000008a100000|100%| O|  |TAMS 0x000000008a100000| PB 0x000000008a000000| Untracked 
| 161|0x000000008a100000, 0x000000008a200000, 0x000000008a200000|100%| O|  |TAMS 0x000000008a200000| PB 0x000000008a100000| Untracked 
| 162|0x000000008a200000, 0x000000008a300000, 0x000000008a300000|100%| O|  |TAMS 0x000000008a300000| PB 0x000000008a200000| Untracked 
| 163|0x000000008a300000, 0x000000008a400000, 0x000000008a400000|100%| O|  |TAMS 0x000000008a400000| PB 0x000000008a300000| Untracked 
| 164|0x000000008a400000, 0x000000008a500000, 0x000000008a500000|100%| O|  |TAMS 0x000000008a500000| PB 0x000000008a400000| Untracked 
| 165|0x000000008a500000, 0x000000008a600000, 0x000000008a600000|100%| O|  |TAMS 0x000000008a600000| PB 0x000000008a500000| Untracked 
| 166|0x000000008a600000, 0x000000008a700000, 0x000000008a700000|100%| O|  |TAMS 0x000000008a700000| PB 0x000000008a600000| Untracked 
| 167|0x000000008a700000, 0x000000008a800000, 0x000000008a800000|100%| O|  |TAMS 0x000000008a800000| PB 0x000000008a700000| Untracked 
| 168|0x000000008a800000, 0x000000008a900000, 0x000000008a900000|100%| O|  |TAMS 0x000000008a800000| PB 0x000000008a800000| Untracked 
| 169|0x000000008a900000, 0x000000008aa00000, 0x000000008aa00000|100%| O|  |TAMS 0x000000008aa00000| PB 0x000000008a900000| Untracked 
| 170|0x000000008aa00000, 0x000000008ab00000, 0x000000008ab00000|100%| O|  |TAMS 0x000000008ab00000| PB 0x000000008aa00000| Untracked 
| 171|0x000000008ab00000, 0x000000008ac00000, 0x000000008ac00000|100%| O|  |TAMS 0x000000008ac00000| PB 0x000000008ab00000| Untracked 
| 172|0x000000008ac00000, 0x000000008ad00000, 0x000000008ad00000|100%| O|  |TAMS 0x000000008ad00000| PB 0x000000008ac00000| Untracked 
| 173|0x000000008ad00000, 0x000000008ae00000, 0x000000008ae00000|100%| O|  |TAMS 0x000000008ae00000| PB 0x000000008ad00000| Untracked 
| 174|0x000000008ae00000, 0x000000008af00000, 0x000000008af00000|100%| O|  |TAMS 0x000000008af00000| PB 0x000000008ae00000| Untracked 
| 175|0x000000008af00000, 0x000000008b000000, 0x000000008b000000|100%| O|  |TAMS 0x000000008b000000| PB 0x000000008af00000| Untracked 
| 176|0x000000008b000000, 0x000000008b100000, 0x000000008b100000|100%| O|  |TAMS 0x000000008b100000| PB 0x000000008b000000| Untracked 
| 177|0x000000008b100000, 0x000000008b200000, 0x000000008b200000|100%| O|  |TAMS 0x000000008b200000| PB 0x000000008b100000| Untracked 
| 178|0x000000008b200000, 0x000000008b300000, 0x000000008b300000|100%| O|  |TAMS 0x000000008b300000| PB 0x000000008b200000| Untracked 
| 179|0x000000008b300000, 0x000000008b400000, 0x000000008b400000|100%| O|  |TAMS 0x000000008b300000| PB 0x000000008b300000| Untracked 
| 180|0x000000008b400000, 0x000000008b500000, 0x000000008b500000|100%| O|  |TAMS 0x000000008b500000| PB 0x000000008b400000| Untracked 
| 181|0x000000008b500000, 0x000000008b600000, 0x000000008b600000|100%| O|  |TAMS 0x000000008b600000| PB 0x000000008b500000| Untracked 
| 182|0x000000008b600000, 0x000000008b700000, 0x000000008b700000|100%| O|  |TAMS 0x000000008b700000| PB 0x000000008b600000| Untracked 
| 183|0x000000008b700000, 0x000000008b800000, 0x000000008b800000|100%| O|  |TAMS 0x000000008b800000| PB 0x000000008b700000| Untracked 
| 184|0x000000008b800000, 0x000000008b900000, 0x000000008b900000|100%| O|  |TAMS 0x000000008b900000| PB 0x000000008b800000| Untracked 
| 185|0x000000008b900000, 0x000000008ba00000, 0x000000008ba00000|100%| O|  |TAMS 0x000000008ba00000| PB 0x000000008b900000| Untracked 
| 186|0x000000008ba00000, 0x000000008bb00000, 0x000000008bb00000|100%| O|  |TAMS 0x000000008bb00000| PB 0x000000008ba00000| Untracked 
| 187|0x000000008bb00000, 0x000000008bc00000, 0x000000008bc00000|100%| O|  |TAMS 0x000000008bc00000| PB 0x000000008bb00000| Untracked 
| 188|0x000000008bc00000, 0x000000008bd00000, 0x000000008bd00000|100%| O|  |TAMS 0x000000008bd00000| PB 0x000000008bc00000| Untracked 
| 189|0x000000008bd00000, 0x000000008be00000, 0x000000008be00000|100%| O|  |TAMS 0x000000008be00000| PB 0x000000008bd00000| Untracked 
| 190|0x000000008be00000, 0x000000008bf00000, 0x000000008bf00000|100%| O|  |TAMS 0x000000008bf00000| PB 0x000000008be00000| Untracked 
| 191|0x000000008bf00000, 0x000000008c000000, 0x000000008c000000|100%| O|  |TAMS 0x000000008c000000| PB 0x000000008bf00000| Untracked 
| 192|0x000000008c000000, 0x000000008c100000, 0x000000008c100000|100%| O|  |TAMS 0x000000008c100000| PB 0x000000008c000000| Untracked 
| 193|0x000000008c100000, 0x000000008c200000, 0x000000008c200000|100%| O|  |TAMS 0x000000008c200000| PB 0x000000008c100000| Untracked 
| 194|0x000000008c200000, 0x000000008c300000, 0x000000008c300000|100%| O|  |TAMS 0x000000008c300000| PB 0x000000008c200000| Untracked 
| 195|0x000000008c300000, 0x000000008c400000, 0x000000008c400000|100%| O|  |TAMS 0x000000008c400000| PB 0x000000008c300000| Untracked 
| 196|0x000000008c400000, 0x000000008c500000, 0x000000008c500000|100%| O|  |TAMS 0x000000008c500000| PB 0x000000008c400000| Untracked 
| 197|0x000000008c500000, 0x000000008c600000, 0x000000008c600000|100%| O|  |TAMS 0x000000008c600000| PB 0x000000008c500000| Untracked 
| 198|0x000000008c600000, 0x000000008c700000, 0x000000008c700000|100%| O|  |TAMS 0x000000008c700000| PB 0x000000008c600000| Untracked 
| 199|0x000000008c700000, 0x000000008c800000, 0x000000008c800000|100%| O|  |TAMS 0x000000008c800000| PB 0x000000008c700000| Untracked 
| 200|0x000000008c800000, 0x000000008c900000, 0x000000008c900000|100%| O|  |TAMS 0x000000008c900000| PB 0x000000008c800000| Untracked 
| 201|0x000000008c900000, 0x000000008ca00000, 0x000000008ca00000|100%| O|  |TAMS 0x000000008c900000| PB 0x000000008c900000| Untracked 
| 202|0x000000008ca00000, 0x000000008cb00000, 0x000000008cb00000|100%| O|  |TAMS 0x000000008cb00000| PB 0x000000008ca00000| Untracked 
| 203|0x000000008cb00000, 0x000000008cc00000, 0x000000008cc00000|100%| O|  |TAMS 0x000000008cc00000| PB 0x000000008cb00000| Untracked 
| 204|0x000000008cc00000, 0x000000008cd00000, 0x000000008cd00000|100%| O|  |TAMS 0x000000008cd00000| PB 0x000000008cc00000| Untracked 
| 205|0x000000008cd00000, 0x000000008ce00000, 0x000000008ce00000|100%| O|  |TAMS 0x000000008ce00000| PB 0x000000008cd00000| Untracked 
| 206|0x000000008ce00000, 0x000000008cf00000, 0x000000008cf00000|100%| O|  |TAMS 0x000000008cf00000| PB 0x000000008ce00000| Untracked 
| 207|0x000000008cf00000, 0x000000008d000000, 0x000000008d000000|100%| O|  |TAMS 0x000000008cf00000| PB 0x000000008cf00000| Untracked 
| 208|0x000000008d000000, 0x000000008d100000, 0x000000008d100000|100%| O|  |TAMS 0x000000008d100000| PB 0x000000008d000000| Untracked 
| 209|0x000000008d100000, 0x000000008d200000, 0x000000008d200000|100%| O|  |TAMS 0x000000008d200000| PB 0x000000008d100000| Untracked 
| 210|0x000000008d200000, 0x000000008d300000, 0x000000008d300000|100%| O|  |TAMS 0x000000008d300000| PB 0x000000008d200000| Untracked 
| 211|0x000000008d300000, 0x000000008d400000, 0x000000008d400000|100%| O|  |TAMS 0x000000008d400000| PB 0x000000008d300000| Untracked 
| 212|0x000000008d400000, 0x000000008d500000, 0x000000008d500000|100%| O|  |TAMS 0x000000008d500000| PB 0x000000008d400000| Untracked 
| 213|0x000000008d500000, 0x000000008d600000, 0x000000008d600000|100%| O|  |TAMS 0x000000008d600000| PB 0x000000008d500000| Untracked 
| 214|0x000000008d600000, 0x000000008d700000, 0x000000008d700000|100%| O|  |TAMS 0x000000008d700000| PB 0x000000008d600000| Untracked 
| 215|0x000000008d700000, 0x000000008d800000, 0x000000008d800000|100%| O|  |TAMS 0x000000008d800000| PB 0x000000008d700000| Untracked 
| 216|0x000000008d800000, 0x000000008d900000, 0x000000008d900000|100%| O|  |TAMS 0x000000008d900000| PB 0x000000008d800000| Untracked 
| 217|0x000000008d900000, 0x000000008da00000, 0x000000008da00000|100%| O|  |TAMS 0x000000008da00000| PB 0x000000008d900000| Untracked 
| 218|0x000000008da00000, 0x000000008db00000, 0x000000008db00000|100%| O|  |TAMS 0x000000008da00000| PB 0x000000008da00000| Untracked 
| 219|0x000000008db00000, 0x000000008dc00000, 0x000000008dc00000|100%| O|  |TAMS 0x000000008dc00000| PB 0x000000008db00000| Untracked 
| 220|0x000000008dc00000, 0x000000008dd00000, 0x000000008dd00000|100%| O|  |TAMS 0x000000008dd00000| PB 0x000000008dc00000| Untracked 
| 221|0x000000008dd00000, 0x000000008de00000, 0x000000008de00000|100%| O|  |TAMS 0x000000008de00000| PB 0x000000008dd00000| Untracked 
| 222|0x000000008de00000, 0x000000008df00000, 0x000000008df00000|100%| O|  |TAMS 0x000000008df00000| PB 0x000000008de00000| Untracked 
| 223|0x000000008df00000, 0x000000008e000000, 0x000000008e000000|100%| O|  |TAMS 0x000000008e000000| PB 0x000000008df00000| Untracked 
| 224|0x000000008e000000, 0x000000008e100000, 0x000000008e100000|100%| O|  |TAMS 0x000000008e100000| PB 0x000000008e000000| Untracked 
| 225|0x000000008e100000, 0x000000008e200000, 0x000000008e200000|100%| O|  |TAMS 0x000000008e200000| PB 0x000000008e100000| Untracked 
| 226|0x000000008e200000, 0x000000008e300000, 0x000000008e300000|100%| O|  |TAMS 0x000000008e300000| PB 0x000000008e200000| Untracked 
| 227|0x000000008e300000, 0x000000008e400000, 0x000000008e400000|100%| O|  |TAMS 0x000000008e400000| PB 0x000000008e300000| Untracked 
| 228|0x000000008e400000, 0x000000008e500000, 0x000000008e500000|100%| O|  |TAMS 0x000000008e500000| PB 0x000000008e400000| Untracked 
| 229|0x000000008e500000, 0x000000008e600000, 0x000000008e600000|100%| O|  |TAMS 0x000000008e600000| PB 0x000000008e500000| Untracked 
| 230|0x000000008e600000, 0x000000008e700000, 0x000000008e700000|100%| O|  |TAMS 0x000000008e700000| PB 0x000000008e600000| Untracked 
| 231|0x000000008e700000, 0x000000008e800000, 0x000000008e800000|100%| O|  |TAMS 0x000000008e800000| PB 0x000000008e700000| Untracked 
| 232|0x000000008e800000, 0x000000008e900000, 0x000000008e900000|100%| O|  |TAMS 0x000000008e900000| PB 0x000000008e800000| Untracked 
| 233|0x000000008e900000, 0x000000008ea00000, 0x000000008ea00000|100%| O|  |TAMS 0x000000008ea00000| PB 0x000000008e900000| Untracked 
| 234|0x000000008ea00000, 0x000000008eb00000, 0x000000008eb00000|100%| O|  |TAMS 0x000000008eb00000| PB 0x000000008ea00000| Untracked 
| 235|0x000000008eb00000, 0x000000008ec00000, 0x000000008ec00000|100%| O|  |TAMS 0x000000008ec00000| PB 0x000000008eb00000| Untracked 
| 236|0x000000008ec00000, 0x000000008ed00000, 0x000000008ed00000|100%| O|  |TAMS 0x000000008ed00000| PB 0x000000008ec00000| Untracked 
| 237|0x000000008ed00000, 0x000000008ee00000, 0x000000008ee00000|100%| O|  |TAMS 0x000000008ee00000| PB 0x000000008ed00000| Untracked 
| 238|0x000000008ee00000, 0x000000008ef00000, 0x000000008ef00000|100%| O|  |TAMS 0x000000008ef00000| PB 0x000000008ee00000| Untracked 
| 239|0x000000008ef00000, 0x000000008f000000, 0x000000008f000000|100%| O|  |TAMS 0x000000008f000000| PB 0x000000008ef00000| Untracked 
| 240|0x000000008f000000, 0x000000008f100000, 0x000000008f100000|100%| O|  |TAMS 0x000000008f000000| PB 0x000000008f000000| Untracked 
| 241|0x000000008f100000, 0x000000008f200000, 0x000000008f200000|100%| O|  |TAMS 0x000000008f200000| PB 0x000000008f100000| Untracked 
| 242|0x000000008f200000, 0x000000008f300000, 0x000000008f300000|100%| O|  |TAMS 0x000000008f300000| PB 0x000000008f200000| Untracked 
| 243|0x000000008f300000, 0x000000008f400000, 0x000000008f400000|100%| O|  |TAMS 0x000000008f400000| PB 0x000000008f300000| Untracked 
| 244|0x000000008f400000, 0x000000008f500000, 0x000000008f500000|100%| O|  |TAMS 0x000000008f500000| PB 0x000000008f400000| Untracked 
| 245|0x000000008f500000, 0x000000008f600000, 0x000000008f600000|100%| O|  |TAMS 0x000000008f600000| PB 0x000000008f500000| Untracked 
| 246|0x000000008f600000, 0x000000008f700000, 0x000000008f700000|100%| O|  |TAMS 0x000000008f600000| PB 0x000000008f600000| Untracked 
| 247|0x000000008f700000, 0x000000008f800000, 0x000000008f800000|100%| O|  |TAMS 0x000000008f700000| PB 0x000000008f700000| Untracked 
| 248|0x000000008f800000, 0x000000008f900000, 0x000000008f900000|100%| O|  |TAMS 0x000000008f800000| PB 0x000000008f800000| Untracked 
| 249|0x000000008f900000, 0x000000008fa00000, 0x000000008fa00000|100%| O|  |TAMS 0x000000008f900000| PB 0x000000008f900000| Untracked 
| 250|0x000000008fa00000, 0x000000008fb00000, 0x000000008fb00000|100%| O|  |TAMS 0x000000008fa00000| PB 0x000000008fa00000| Untracked 
| 251|0x000000008fb00000, 0x000000008fc00000, 0x000000008fc00000|100%| O|  |TAMS 0x000000008fb00000| PB 0x000000008fb00000| Untracked 
| 252|0x000000008fc00000, 0x000000008fd00000, 0x000000008fd00000|100%| O|  |TAMS 0x000000008fc00000| PB 0x000000008fc00000| Untracked 
| 253|0x000000008fd00000, 0x000000008fe00000, 0x000000008fe00000|100%| O|  |TAMS 0x000000008fd00000| PB 0x000000008fd00000| Untracked 
| 254|0x000000008fe00000, 0x000000008ff00000, 0x000000008ff00000|100%| O|  |TAMS 0x000000008fe00000| PB 0x000000008fe00000| Untracked 
| 255|0x000000008ff00000, 0x0000000090000000, 0x0000000090000000|100%| O|  |TAMS 0x000000008ff00000| PB 0x000000008ff00000| Untracked 
| 256|0x0000000090000000, 0x0000000090000000, 0x0000000090100000|  0%| F|  |TAMS 0x0000000090000000| PB 0x0000000090000000| Untracked 
| 257|0x0000000090100000, 0x0000000090100000, 0x0000000090200000|  0%| F|  |TAMS 0x0000000090100000| PB 0x0000000090100000| Untracked 
| 258|0x0000000090200000, 0x0000000090200000, 0x0000000090300000|  0%| F|  |TAMS 0x0000000090200000| PB 0x0000000090200000| Untracked 
| 259|0x0000000090300000, 0x0000000090400000, 0x0000000090400000|100%| O|  |TAMS 0x0000000090400000| PB 0x0000000090300000| Untracked 
| 260|0x0000000090400000, 0x0000000090500000, 0x0000000090500000|100%| O|  |TAMS 0x0000000090500000| PB 0x0000000090400000| Untracked 
| 261|0x0000000090500000, 0x0000000090500000, 0x0000000090600000|  0%| F|  |TAMS 0x0000000090500000| PB 0x0000000090500000| Untracked 
| 262|0x0000000090600000, 0x0000000090600000, 0x0000000090700000|  0%| F|  |TAMS 0x0000000090600000| PB 0x0000000090600000| Untracked 
| 263|0x0000000090700000, 0x0000000090700000, 0x0000000090800000|  0%| F|  |TAMS 0x0000000090700000| PB 0x0000000090700000| Untracked 
| 264|0x0000000090800000, 0x0000000090800000, 0x0000000090900000|  0%| F|  |TAMS 0x0000000090800000| PB 0x0000000090800000| Untracked 
| 265|0x0000000090900000, 0x0000000090900000, 0x0000000090a00000|  0%| F|  |TAMS 0x0000000090900000| PB 0x0000000090900000| Untracked 
| 266|0x0000000090a00000, 0x0000000090b00000, 0x0000000090b00000|100%| O|  |TAMS 0x0000000090b00000| PB 0x0000000090a00000| Untracked 
| 267|0x0000000090b00000, 0x0000000090c00000, 0x0000000090c00000|100%| O|  |TAMS 0x0000000090c00000| PB 0x0000000090b00000| Untracked 
| 268|0x0000000090c00000, 0x0000000090d00000, 0x0000000090d00000|100%| O|  |TAMS 0x0000000090d00000| PB 0x0000000090c00000| Untracked 
| 269|0x0000000090d00000, 0x0000000090e00000, 0x0000000090e00000|100%| O|  |TAMS 0x0000000090e00000| PB 0x0000000090d00000| Untracked 
| 270|0x0000000090e00000, 0x0000000090f00000, 0x0000000090f00000|100%| O|  |TAMS 0x0000000090f00000| PB 0x0000000090e00000| Untracked 
| 271|0x0000000090f00000, 0x0000000091000000, 0x0000000091000000|100%| O|  |TAMS 0x0000000091000000| PB 0x0000000090f00000| Untracked 
| 272|0x0000000091000000, 0x0000000091100000, 0x0000000091100000|100%| O|  |TAMS 0x0000000091100000| PB 0x0000000091000000| Untracked 
| 273|0x0000000091100000, 0x0000000091200000, 0x0000000091200000|100%| E|CS|TAMS 0x0000000091200000| PB 0x0000000091100000| Complete 
| 274|0x0000000091200000, 0x0000000091300000, 0x0000000091300000|100%| E|CS|TAMS 0x0000000091300000| PB 0x0000000091200000| Complete 
| 275|0x0000000091300000, 0x0000000091400000, 0x0000000091400000|100%| E|CS|TAMS 0x0000000091400000| PB 0x0000000091300000| Complete 
| 276|0x0000000091400000, 0x0000000091500000, 0x0000000091500000|100%| E|CS|TAMS 0x0000000091500000| PB 0x0000000091400000| Complete 
| 277|0x0000000091500000, 0x0000000091600000, 0x0000000091600000|100%| E|CS|TAMS 0x0000000091600000| PB 0x0000000091500000| Complete 
| 278|0x0000000091600000, 0x0000000091700000, 0x0000000091700000|100%| E|CS|TAMS 0x0000000091600000| PB 0x0000000091600000| Complete 
| 279|0x0000000091700000, 0x0000000091800000, 0x0000000091800000|100%| E|CS|TAMS 0x0000000091700000| PB 0x0000000091700000| Complete 
| 280|0x0000000091800000, 0x0000000091900000, 0x0000000091900000|100%| E|CS|TAMS 0x0000000091900000| PB 0x0000000091800000| Complete 
| 281|0x0000000091900000, 0x0000000091a00000, 0x0000000091a00000|100%| E|CS|TAMS 0x0000000091900000| PB 0x0000000091900000| Complete 
| 282|0x0000000091a00000, 0x0000000091b00000, 0x0000000091b00000|100%| E|CS|TAMS 0x0000000091b00000| PB 0x0000000091a00000| Complete 
| 283|0x0000000091b00000, 0x0000000091c00000, 0x0000000091c00000|100%| E|CS|TAMS 0x0000000091c00000| PB 0x0000000091b00000| Complete 
| 284|0x0000000091c00000, 0x0000000091c00000, 0x0000000091d00000|  0%| F|  |TAMS 0x0000000091c00000| PB 0x0000000091c00000| Untracked 
| 285|0x0000000091d00000, 0x0000000091e00000, 0x0000000091e00000|100%| S|  |TAMS 0x0000000091d00000| PB 0x0000000091d00000| Complete 
| 286|0x0000000091e00000, 0x0000000091f00000, 0x0000000091f00000|100%| S|  |TAMS 0x0000000091e00000| PB 0x0000000091e00000| Complete 
| 287|0x0000000091f00000, 0x0000000092000000, 0x0000000092000000|100%| S|  |TAMS 0x0000000091f00000| PB 0x0000000091f00000| Complete 
| 288|0x0000000092000000, 0x0000000092100000, 0x0000000092100000|100%| S|  |TAMS 0x0000000092000000| PB 0x0000000092000000| Complete 
| 289|0x0000000092100000, 0x0000000092200000, 0x0000000092200000|100%| S|  |TAMS 0x0000000092100000| PB 0x0000000092100000| Complete 
| 290|0x0000000092200000, 0x0000000092300000, 0x0000000092300000|100%| S|  |TAMS 0x0000000092200000| PB 0x0000000092200000| Complete 
| 291|0x0000000092300000, 0x0000000092400000, 0x0000000092400000|100%| S|  |TAMS 0x0000000092300000| PB 0x0000000092300000| Complete 
| 292|0x0000000092400000, 0x0000000092500000, 0x0000000092500000|100%| S|  |TAMS 0x0000000092400000| PB 0x0000000092400000| Complete 
| 293|0x0000000092500000, 0x0000000092600000, 0x0000000092600000|100%| S|  |TAMS 0x0000000092500000| PB 0x0000000092500000| Complete 
| 294|0x0000000092600000, 0x0000000092700000, 0x0000000092700000|100%| S|  |TAMS 0x0000000092600000| PB 0x0000000092600000| Complete 
| 295|0x0000000092700000, 0x0000000092800000, 0x0000000092800000|100%| S|  |TAMS 0x0000000092700000| PB 0x0000000092700000| Complete 
| 296|0x0000000092800000, 0x0000000092900000, 0x0000000092900000|100%| S|  |TAMS 0x0000000092800000| PB 0x0000000092800000| Complete 
| 297|0x0000000092900000, 0x0000000092a00000, 0x0000000092a00000|100%| S|  |TAMS 0x0000000092900000| PB 0x0000000092900000| Complete 
| 298|0x0000000092a00000, 0x0000000092b00000, 0x0000000092b00000|100%| S|  |TAMS 0x0000000092a00000| PB 0x0000000092a00000| Complete 
| 299|0x0000000092b00000, 0x0000000092c00000, 0x0000000092c00000|100%| S|  |TAMS 0x0000000092b00000| PB 0x0000000092b00000| Complete 
| 300|0x0000000092c00000, 0x0000000092d00000, 0x0000000092d00000|100%| E|CS|TAMS 0x0000000092d00000| PB 0x0000000092c00000| Complete 
| 301|0x0000000092d00000, 0x0000000092e00000, 0x0000000092e00000|100%| E|CS|TAMS 0x0000000092e00000| PB 0x0000000092d00000| Complete 
| 302|0x0000000092e00000, 0x0000000092f00000, 0x0000000092f00000|100%| E|CS|TAMS 0x0000000092e00000| PB 0x0000000092e00000| Complete 
| 303|0x0000000092f00000, 0x0000000093000000, 0x0000000093000000|100%| E|CS|TAMS 0x0000000093000000| PB 0x0000000092f00000| Complete 
| 304|0x0000000093000000, 0x0000000093100000, 0x0000000093100000|100%| E|CS|TAMS 0x0000000093100000| PB 0x0000000093000000| Complete 
| 305|0x0000000093100000, 0x0000000093200000, 0x0000000093200000|100%| E|CS|TAMS 0x0000000093200000| PB 0x0000000093100000| Complete 
| 306|0x0000000093200000, 0x0000000093300000, 0x0000000093300000|100%| E|CS|TAMS 0x0000000093300000| PB 0x0000000093200000| Complete 
| 307|0x0000000093300000, 0x0000000093400000, 0x0000000093400000|100%| E|CS|TAMS 0x0000000093400000| PB 0x0000000093300000| Complete 
| 308|0x0000000093400000, 0x0000000093500000, 0x0000000093500000|100%| E|CS|TAMS 0x0000000093500000| PB 0x0000000093400000| Complete 
| 309|0x0000000093500000, 0x0000000093600000, 0x0000000093600000|100%| E|CS|TAMS 0x0000000093500000| PB 0x0000000093500000| Complete 
| 310|0x0000000093600000, 0x0000000093700000, 0x0000000093700000|100%| E|CS|TAMS 0x0000000093700000| PB 0x0000000093600000| Complete 
| 311|0x0000000093700000, 0x0000000093800000, 0x0000000093800000|100%| E|CS|TAMS 0x0000000093800000| PB 0x0000000093700000| Complete 
| 312|0x0000000093800000, 0x0000000093900000, 0x0000000093900000|100%| E|CS|TAMS 0x0000000093900000| PB 0x0000000093800000| Complete 
| 313|0x0000000093900000, 0x0000000093a00000, 0x0000000093a00000|100%| E|CS|TAMS 0x0000000093a00000| PB 0x0000000093900000| Complete 
| 314|0x0000000093a00000, 0x0000000093b00000, 0x0000000093b00000|100%| E|CS|TAMS 0x0000000093b00000| PB 0x0000000093a00000| Complete 
| 315|0x0000000093b00000, 0x0000000093c00000, 0x0000000093c00000|100%| E|CS|TAMS 0x0000000093c00000| PB 0x0000000093b00000| Complete 
| 316|0x0000000093c00000, 0x0000000093d00000, 0x0000000093d00000|100%| E|CS|TAMS 0x0000000093d00000| PB 0x0000000093c00000| Complete 
| 317|0x0000000093d00000, 0x0000000093e00000, 0x0000000093e00000|100%| E|CS|TAMS 0x0000000093e00000| PB 0x0000000093d00000| Complete 
| 318|0x0000000093e00000, 0x0000000093f00000, 0x0000000093f00000|100%| E|CS|TAMS 0x0000000093f00000| PB 0x0000000093e00000| Complete 
| 319|0x0000000093f00000, 0x0000000094000000, 0x0000000094000000|100%| E|CS|TAMS 0x0000000094000000| PB 0x0000000093f00000| Complete 
| 320|0x0000000094000000, 0x0000000094100000, 0x0000000094100000|100%| E|CS|TAMS 0x0000000094100000| PB 0x0000000094000000| Complete 
| 321|0x0000000094100000, 0x0000000094200000, 0x0000000094200000|100%| E|CS|TAMS 0x0000000094200000| PB 0x0000000094100000| Complete 
| 322|0x0000000094200000, 0x0000000094300000, 0x0000000094300000|100%| E|CS|TAMS 0x0000000094300000| PB 0x0000000094200000| Complete 
| 323|0x0000000094300000, 0x0000000094400000, 0x0000000094400000|100%| E|CS|TAMS 0x0000000094400000| PB 0x0000000094300000| Complete 
| 324|0x0000000094400000, 0x0000000094500000, 0x0000000094500000|100%| E|CS|TAMS 0x0000000094500000| PB 0x0000000094400000| Complete 
| 325|0x0000000094500000, 0x0000000094600000, 0x0000000094600000|100%| E|CS|TAMS 0x0000000094600000| PB 0x0000000094500000| Complete 
| 326|0x0000000094600000, 0x0000000094700000, 0x0000000094700000|100%| E|CS|TAMS 0x0000000094700000| PB 0x0000000094600000| Complete 
| 327|0x0000000094700000, 0x0000000094800000, 0x0000000094800000|100%| E|CS|TAMS 0x0000000094700000| PB 0x0000000094700000| Complete 
| 328|0x0000000094800000, 0x0000000094900000, 0x0000000094900000|100%| E|CS|TAMS 0x0000000094900000| PB 0x0000000094800000| Complete 
| 329|0x0000000094900000, 0x0000000094a00000, 0x0000000094a00000|100%| E|CS|TAMS 0x0000000094900000| PB 0x0000000094900000| Complete 
| 330|0x0000000094a00000, 0x0000000094b00000, 0x0000000094b00000|100%| E|CS|TAMS 0x0000000094b00000| PB 0x0000000094a00000| Complete 
| 331|0x0000000094b00000, 0x0000000094c00000, 0x0000000094c00000|100%| E|CS|TAMS 0x0000000094c00000| PB 0x0000000094b00000| Complete 
| 332|0x0000000094c00000, 0x0000000094d00000, 0x0000000094d00000|100%| E|CS|TAMS 0x0000000094d00000| PB 0x0000000094c00000| Complete 
| 333|0x0000000094d00000, 0x0000000094e00000, 0x0000000094e00000|100%| E|CS|TAMS 0x0000000094e00000| PB 0x0000000094d00000| Complete 
| 334|0x0000000094e00000, 0x0000000094f00000, 0x0000000094f00000|100%| E|CS|TAMS 0x0000000094f00000| PB 0x0000000094e00000| Complete 
| 335|0x0000000094f00000, 0x0000000095000000, 0x0000000095000000|100%| E|CS|TAMS 0x0000000095000000| PB 0x0000000094f00000| Complete 
| 336|0x0000000095000000, 0x0000000095100000, 0x0000000095100000|100%| E|CS|TAMS 0x0000000095100000| PB 0x0000000095000000| Complete 
| 337|0x0000000095100000, 0x0000000095200000, 0x0000000095200000|100%| E|CS|TAMS 0x0000000095200000| PB 0x0000000095100000| Complete 
| 338|0x0000000095200000, 0x0000000095300000, 0x0000000095300000|100%| E|CS|TAMS 0x0000000095300000| PB 0x0000000095200000| Complete 
| 339|0x0000000095300000, 0x0000000095400000, 0x0000000095400000|100%| E|CS|TAMS 0x0000000095400000| PB 0x0000000095300000| Complete 
| 340|0x0000000095400000, 0x0000000095500000, 0x0000000095500000|100%| E|CS|TAMS 0x0000000095500000| PB 0x0000000095400000| Complete 
| 341|0x0000000095500000, 0x0000000095600000, 0x0000000095600000|100%| E|CS|TAMS 0x0000000095600000| PB 0x0000000095500000| Complete 
| 342|0x0000000095600000, 0x0000000095700000, 0x0000000095700000|100%| E|CS|TAMS 0x0000000095700000| PB 0x0000000095600000| Complete 
| 343|0x0000000095700000, 0x0000000095800000, 0x0000000095800000|100%| E|CS|TAMS 0x0000000095800000| PB 0x0000000095700000| Complete 
| 344|0x0000000095800000, 0x0000000095900000, 0x0000000095900000|100%| E|CS|TAMS 0x0000000095900000| PB 0x0000000095800000| Complete 
| 345|0x0000000095900000, 0x0000000095a00000, 0x0000000095a00000|100%| E|CS|TAMS 0x0000000095a00000| PB 0x0000000095900000| Complete 
| 346|0x0000000095a00000, 0x0000000095b00000, 0x0000000095b00000|100%| E|CS|TAMS 0x0000000095b00000| PB 0x0000000095a00000| Complete 
| 347|0x0000000095b00000, 0x0000000095c00000, 0x0000000095c00000|100%| E|CS|TAMS 0x0000000095c00000| PB 0x0000000095b00000| Complete 
| 348|0x0000000095c00000, 0x0000000095d00000, 0x0000000095d00000|100%| E|CS|TAMS 0x0000000095d00000| PB 0x0000000095c00000| Complete 
| 349|0x0000000095d00000, 0x0000000095e00000, 0x0000000095e00000|100%| E|CS|TAMS 0x0000000095e00000| PB 0x0000000095d00000| Complete 
| 350|0x0000000095e00000, 0x0000000095f00000, 0x0000000095f00000|100%| E|CS|TAMS 0x0000000095f00000| PB 0x0000000095e00000| Complete 
| 351|0x0000000095f00000, 0x0000000096000000, 0x0000000096000000|100%| E|CS|TAMS 0x0000000096000000| PB 0x0000000095f00000| Complete 
| 352|0x0000000096000000, 0x0000000096100000, 0x0000000096100000|100%| E|CS|TAMS 0x0000000096100000| PB 0x0000000096000000| Complete 
| 353|0x0000000096100000, 0x0000000096200000, 0x0000000096200000|100%| E|CS|TAMS 0x0000000096200000| PB 0x0000000096100000| Complete 
| 354|0x0000000096200000, 0x0000000096300000, 0x0000000096300000|100%| E|CS|TAMS 0x0000000096300000| PB 0x0000000096200000| Complete 
| 355|0x0000000096300000, 0x0000000096400000, 0x0000000096400000|100%| E|CS|TAMS 0x0000000096400000| PB 0x0000000096300000| Complete 
| 356|0x0000000096400000, 0x0000000096500000, 0x0000000096500000|100%| E|CS|TAMS 0x0000000096500000| PB 0x0000000096400000| Complete 
| 357|0x0000000096500000, 0x0000000096600000, 0x0000000096600000|100%| E|CS|TAMS 0x0000000096600000| PB 0x0000000096500000| Complete 
| 358|0x0000000096600000, 0x0000000096700000, 0x0000000096700000|100%| E|CS|TAMS 0x0000000096700000| PB 0x0000000096600000| Complete 
| 359|0x0000000096700000, 0x0000000096800000, 0x0000000096800000|100%| E|CS|TAMS 0x0000000096800000| PB 0x0000000096700000| Complete 
| 360|0x0000000096800000, 0x0000000096900000, 0x0000000096900000|100%| E|CS|TAMS 0x0000000096900000| PB 0x0000000096800000| Complete 
| 361|0x0000000096900000, 0x0000000096a00000, 0x0000000096a00000|100%| E|CS|TAMS 0x0000000096a00000| PB 0x0000000096900000| Complete 
| 362|0x0000000096a00000, 0x0000000096b00000, 0x0000000096b00000|100%| E|CS|TAMS 0x0000000096b00000| PB 0x0000000096a00000| Complete 
| 363|0x0000000096b00000, 0x0000000096c00000, 0x0000000096c00000|100%| E|CS|TAMS 0x0000000096c00000| PB 0x0000000096b00000| Complete 
| 364|0x0000000096c00000, 0x0000000096d00000, 0x0000000096d00000|100%| E|CS|TAMS 0x0000000096c00000| PB 0x0000000096c00000| Complete 
| 365|0x0000000096d00000, 0x0000000096e00000, 0x0000000096e00000|100%| E|CS|TAMS 0x0000000096e00000| PB 0x0000000096d00000| Complete 
| 366|0x0000000096e00000, 0x0000000096f00000, 0x0000000096f00000|100%| E|CS|TAMS 0x0000000096f00000| PB 0x0000000096e00000| Complete 
| 367|0x0000000096f00000, 0x0000000097000000, 0x0000000097000000|100%| E|CS|TAMS 0x0000000097000000| PB 0x0000000096f00000| Complete 
| 368|0x0000000097000000, 0x0000000097100000, 0x0000000097100000|100%| E|CS|TAMS 0x0000000097100000| PB 0x0000000097000000| Complete 
| 369|0x0000000097100000, 0x0000000097200000, 0x0000000097200000|100%| E|CS|TAMS 0x0000000097200000| PB 0x0000000097100000| Complete 
| 370|0x0000000097200000, 0x0000000097300000, 0x0000000097300000|100%| E|CS|TAMS 0x0000000097300000| PB 0x0000000097200000| Complete 
| 371|0x0000000097300000, 0x0000000097400000, 0x0000000097400000|100%| E|CS|TAMS 0x0000000097400000| PB 0x0000000097300000| Complete 
| 372|0x0000000097400000, 0x0000000097500000, 0x0000000097500000|100%| E|CS|TAMS 0x0000000097500000| PB 0x0000000097400000| Complete 
| 373|0x0000000097500000, 0x0000000097600000, 0x0000000097600000|100%| E|CS|TAMS 0x0000000097600000| PB 0x0000000097500000| Complete 
| 374|0x0000000097600000, 0x0000000097700000, 0x0000000097700000|100%| E|CS|TAMS 0x0000000097700000| PB 0x0000000097600000| Complete 
| 375|0x0000000097700000, 0x0000000097800000, 0x0000000097800000|100%| E|CS|TAMS 0x0000000097800000| PB 0x0000000097700000| Complete 
| 376|0x0000000097800000, 0x0000000097900000, 0x0000000097900000|100%| E|CS|TAMS 0x0000000097900000| PB 0x0000000097800000| Complete 
| 377|0x0000000097900000, 0x0000000097a00000, 0x0000000097a00000|100%| E|CS|TAMS 0x0000000097a00000| PB 0x0000000097900000| Complete 
| 378|0x0000000097a00000, 0x0000000097b00000, 0x0000000097b00000|100%| E|CS|TAMS 0x0000000097b00000| PB 0x0000000097a00000| Complete 
| 379|0x0000000097b00000, 0x0000000097c00000, 0x0000000097c00000|100%| E|CS|TAMS 0x0000000097c00000| PB 0x0000000097b00000| Complete 
| 380|0x0000000097c00000, 0x0000000097d00000, 0x0000000097d00000|100%| E|CS|TAMS 0x0000000097d00000| PB 0x0000000097c00000| Complete 
| 381|0x0000000097d00000, 0x0000000097e00000, 0x0000000097e00000|100%| E|CS|TAMS 0x0000000097e00000| PB 0x0000000097d00000| Complete 
| 382|0x0000000097e00000, 0x0000000097f00000, 0x0000000097f00000|100%| E|CS|TAMS 0x0000000097f00000| PB 0x0000000097e00000| Complete 
| 383|0x0000000097f00000, 0x0000000098000000, 0x0000000098000000|100%| E|CS|TAMS 0x0000000098000000| PB 0x0000000097f00000| Complete 
| 384|0x0000000098000000, 0x0000000098100000, 0x0000000098100000|100%| E|CS|TAMS 0x0000000098100000| PB 0x0000000098000000| Complete 
| 385|0x0000000098100000, 0x0000000098200000, 0x0000000098200000|100%| E|CS|TAMS 0x0000000098200000| PB 0x0000000098100000| Complete 
| 386|0x0000000098200000, 0x0000000098300000, 0x0000000098300000|100%| E|CS|TAMS 0x0000000098300000| PB 0x0000000098200000| Complete 
| 387|0x0000000098300000, 0x0000000098400000, 0x0000000098400000|100%| E|CS|TAMS 0x0000000098400000| PB 0x0000000098300000| Complete 
| 388|0x0000000098400000, 0x0000000098500000, 0x0000000098500000|100%| E|CS|TAMS 0x0000000098500000| PB 0x0000000098400000| Complete 
| 389|0x0000000098500000, 0x0000000098600000, 0x0000000098600000|100%| E|CS|TAMS 0x0000000098600000| PB 0x0000000098500000| Complete 
| 390|0x0000000098600000, 0x0000000098700000, 0x0000000098700000|100%| E|CS|TAMS 0x0000000098700000| PB 0x0000000098600000| Complete 
| 391|0x0000000098700000, 0x0000000098800000, 0x0000000098800000|100%| E|CS|TAMS 0x0000000098700000| PB 0x0000000098700000| Complete 
| 392|0x0000000098800000, 0x0000000098900000, 0x0000000098900000|100%| E|CS|TAMS 0x0000000098900000| PB 0x0000000098800000| Complete 
| 393|0x0000000098900000, 0x0000000098a00000, 0x0000000098a00000|100%| E|CS|TAMS 0x0000000098a00000| PB 0x0000000098900000| Complete 
| 394|0x0000000098a00000, 0x0000000098b00000, 0x0000000098b00000|100%| E|CS|TAMS 0x0000000098b00000| PB 0x0000000098a00000| Complete 
| 395|0x0000000098b00000, 0x0000000098c00000, 0x0000000098c00000|100%| E|CS|TAMS 0x0000000098c00000| PB 0x0000000098b00000| Complete 
| 396|0x0000000098c00000, 0x0000000098d00000, 0x0000000098d00000|100%| E|CS|TAMS 0x0000000098d00000| PB 0x0000000098c00000| Complete 
| 397|0x0000000098d00000, 0x0000000098e00000, 0x0000000098e00000|100%| E|CS|TAMS 0x0000000098e00000| PB 0x0000000098d00000| Complete 
| 398|0x0000000098e00000, 0x0000000098f00000, 0x0000000098f00000|100%| E|CS|TAMS 0x0000000098f00000| PB 0x0000000098e00000| Complete 
| 399|0x0000000098f00000, 0x0000000099000000, 0x0000000099000000|100%| E|CS|TAMS 0x0000000099000000| PB 0x0000000098f00000| Complete 
| 400|0x0000000099000000, 0x0000000099100000, 0x0000000099100000|100%| E|CS|TAMS 0x0000000099100000| PB 0x0000000099000000| Complete 
| 401|0x0000000099100000, 0x0000000099200000, 0x0000000099200000|100%| E|CS|TAMS 0x0000000099200000| PB 0x0000000099100000| Complete 
| 402|0x0000000099200000, 0x0000000099300000, 0x0000000099300000|100%| E|CS|TAMS 0x0000000099200000| PB 0x0000000099200000| Complete 
| 403|0x0000000099300000, 0x0000000099400000, 0x0000000099400000|100%| E|CS|TAMS 0x0000000099400000| PB 0x0000000099300000| Complete 
| 404|0x0000000099400000, 0x0000000099500000, 0x0000000099500000|100%| E|CS|TAMS 0x0000000099500000| PB 0x0000000099400000| Complete 
| 405|0x0000000099500000, 0x0000000099600000, 0x0000000099600000|100%| E|CS|TAMS 0x0000000099500000| PB 0x0000000099500000| Complete 
| 406|0x0000000099600000, 0x0000000099700000, 0x0000000099700000|100%| E|CS|TAMS 0x0000000099600000| PB 0x0000000099600000| Complete 
| 407|0x0000000099700000, 0x0000000099800000, 0x0000000099800000|100%| E|CS|TAMS 0x0000000099700000| PB 0x0000000099700000| Complete 
| 408|0x0000000099800000, 0x0000000099900000, 0x0000000099900000|100%| E|CS|TAMS 0x0000000099900000| PB 0x0000000099800000| Complete 
| 409|0x0000000099900000, 0x0000000099a00000, 0x0000000099a00000|100%| E|CS|TAMS 0x0000000099a00000| PB 0x0000000099900000| Complete 
| 410|0x0000000099a00000, 0x0000000099b00000, 0x0000000099b00000|100%| E|CS|TAMS 0x0000000099b00000| PB 0x0000000099a00000| Complete 
| 411|0x0000000099b00000, 0x0000000099c00000, 0x0000000099c00000|100%| E|CS|TAMS 0x0000000099c00000| PB 0x0000000099b00000| Complete 
| 412|0x0000000099c00000, 0x0000000099d00000, 0x0000000099d00000|100%| E|CS|TAMS 0x0000000099d00000| PB 0x0000000099c00000| Complete 
| 413|0x0000000099d00000, 0x0000000099e00000, 0x0000000099e00000|100%| E|CS|TAMS 0x0000000099e00000| PB 0x0000000099d00000| Complete 
| 414|0x0000000099e00000, 0x0000000099f00000, 0x0000000099f00000|100%| E|CS|TAMS 0x0000000099f00000| PB 0x0000000099e00000| Complete 
| 415|0x0000000099f00000, 0x000000009a000000, 0x000000009a000000|100%| E|CS|TAMS 0x000000009a000000| PB 0x0000000099f00000| Complete 
| 416|0x000000009a000000, 0x000000009a100000, 0x000000009a100000|100%| E|CS|TAMS 0x000000009a100000| PB 0x000000009a000000| Complete 
| 417|0x000000009a100000, 0x000000009a200000, 0x000000009a200000|100%| E|CS|TAMS 0x000000009a200000| PB 0x000000009a100000| Complete 
| 418|0x000000009a200000, 0x000000009a300000, 0x000000009a300000|100%| E|CS|TAMS 0x000000009a300000| PB 0x000000009a200000| Complete 
| 419|0x000000009a300000, 0x000000009a400000, 0x000000009a400000|100%| E|CS|TAMS 0x000000009a400000| PB 0x000000009a300000| Complete 
| 420|0x000000009a400000, 0x000000009a500000, 0x000000009a500000|100%| E|CS|TAMS 0x000000009a500000| PB 0x000000009a400000| Complete 
| 421|0x000000009a500000, 0x000000009a600000, 0x000000009a600000|100%| E|CS|TAMS 0x000000009a600000| PB 0x000000009a500000| Complete 
| 422|0x000000009a600000, 0x000000009a700000, 0x000000009a700000|100%| E|CS|TAMS 0x000000009a700000| PB 0x000000009a600000| Complete 
| 423|0x000000009a700000, 0x000000009a800000, 0x000000009a800000|100%| E|CS|TAMS 0x000000009a800000| PB 0x000000009a700000| Complete 
| 424|0x000000009a800000, 0x000000009a900000, 0x000000009a900000|100%| E|CS|TAMS 0x000000009a900000| PB 0x000000009a800000| Complete 
| 425|0x000000009a900000, 0x000000009aa00000, 0x000000009aa00000|100%| E|CS|TAMS 0x000000009aa00000| PB 0x000000009a900000| Complete 
| 426|0x000000009aa00000, 0x000000009ab00000, 0x000000009ab00000|100%| E|CS|TAMS 0x000000009ab00000| PB 0x000000009aa00000| Complete 
| 427|0x000000009ab00000, 0x000000009ac00000, 0x000000009ac00000|100%| E|CS|TAMS 0x000000009ac00000| PB 0x000000009ab00000| Complete 
| 428|0x000000009ac00000, 0x000000009ad00000, 0x000000009ad00000|100%| E|CS|TAMS 0x000000009ad00000| PB 0x000000009ac00000| Complete 
| 429|0x000000009ad00000, 0x000000009ae00000, 0x000000009ae00000|100%| E|CS|TAMS 0x000000009ae00000| PB 0x000000009ad00000| Complete 
| 430|0x000000009ae00000, 0x000000009af00000, 0x000000009af00000|100%| E|CS|TAMS 0x000000009af00000| PB 0x000000009ae00000| Complete 
| 431|0x000000009af00000, 0x000000009b000000, 0x000000009b000000|100%| E|CS|TAMS 0x000000009b000000| PB 0x000000009af00000| Complete 
| 432|0x000000009b000000, 0x000000009b100000, 0x000000009b100000|100%| E|CS|TAMS 0x000000009b100000| PB 0x000000009b000000| Complete 
| 433|0x000000009b100000, 0x000000009b200000, 0x000000009b200000|100%| E|CS|TAMS 0x000000009b200000| PB 0x000000009b100000| Complete 
| 434|0x000000009b200000, 0x000000009b300000, 0x000000009b300000|100%| E|CS|TAMS 0x000000009b300000| PB 0x000000009b200000| Complete 
| 435|0x000000009b300000, 0x000000009b400000, 0x000000009b400000|100%| E|CS|TAMS 0x000000009b400000| PB 0x000000009b300000| Complete 
| 436|0x000000009b400000, 0x000000009b500000, 0x000000009b500000|100%| E|CS|TAMS 0x000000009b500000| PB 0x000000009b400000| Complete 
| 437|0x000000009b500000, 0x000000009b600000, 0x000000009b600000|100%| E|CS|TAMS 0x000000009b600000| PB 0x000000009b500000| Complete 
| 438|0x000000009b600000, 0x000000009b700000, 0x000000009b700000|100%| E|CS|TAMS 0x000000009b700000| PB 0x000000009b600000| Complete 
| 439|0x000000009b700000, 0x000000009b800000, 0x000000009b800000|100%| E|CS|TAMS 0x000000009b800000| PB 0x000000009b700000| Complete 
| 440|0x000000009b800000, 0x000000009b900000, 0x000000009b900000|100%| E|CS|TAMS 0x000000009b900000| PB 0x000000009b800000| Complete 
| 441|0x000000009b900000, 0x000000009ba00000, 0x000000009ba00000|100%| E|CS|TAMS 0x000000009ba00000| PB 0x000000009b900000| Complete 
| 442|0x000000009ba00000, 0x000000009bb00000, 0x000000009bb00000|100%| E|CS|TAMS 0x000000009bb00000| PB 0x000000009ba00000| Complete 
| 443|0x000000009bb00000, 0x000000009bc00000, 0x000000009bc00000|100%| E|CS|TAMS 0x000000009bc00000| PB 0x000000009bb00000| Complete 
| 444|0x000000009bc00000, 0x000000009bd00000, 0x000000009bd00000|100%| E|CS|TAMS 0x000000009bd00000| PB 0x000000009bc00000| Complete 
| 445|0x000000009bd00000, 0x000000009be00000, 0x000000009be00000|100%| E|CS|TAMS 0x000000009be00000| PB 0x000000009bd00000| Complete 
| 446|0x000000009be00000, 0x000000009bf00000, 0x000000009bf00000|100%| E|CS|TAMS 0x000000009bf00000| PB 0x000000009be00000| Complete 
| 447|0x000000009bf00000, 0x000000009c000000, 0x000000009c000000|100%| E|CS|TAMS 0x000000009c000000| PB 0x000000009bf00000| Complete 
| 448|0x000000009c000000, 0x000000009c100000, 0x000000009c100000|100%| E|CS|TAMS 0x000000009c000000| PB 0x000000009c000000| Complete 
| 449|0x000000009c100000, 0x000000009c200000, 0x000000009c200000|100%| E|CS|TAMS 0x000000009c200000| PB 0x000000009c100000| Complete 
| 450|0x000000009c200000, 0x000000009c300000, 0x000000009c300000|100%| E|CS|TAMS 0x000000009c300000| PB 0x000000009c200000| Complete 
| 451|0x000000009c300000, 0x000000009c400000, 0x000000009c400000|100%| E|CS|TAMS 0x000000009c400000| PB 0x000000009c300000| Complete 
| 452|0x000000009c400000, 0x000000009c500000, 0x000000009c500000|100%| E|CS|TAMS 0x000000009c500000| PB 0x000000009c400000| Complete 
| 453|0x000000009c500000, 0x000000009c600000, 0x000000009c600000|100%| E|CS|TAMS 0x000000009c600000| PB 0x000000009c500000| Complete 
| 454|0x000000009c600000, 0x000000009c700000, 0x000000009c700000|100%| E|CS|TAMS 0x000000009c700000| PB 0x000000009c600000| Complete 
| 455|0x000000009c700000, 0x000000009c800000, 0x000000009c800000|100%| E|CS|TAMS 0x000000009c800000| PB 0x000000009c700000| Complete 
| 456|0x000000009c800000, 0x000000009c900000, 0x000000009c900000|100%| E|CS|TAMS 0x000000009c900000| PB 0x000000009c800000| Complete 
| 457|0x000000009c900000, 0x000000009ca00000, 0x000000009ca00000|100%| E|CS|TAMS 0x000000009ca00000| PB 0x000000009c900000| Complete 
| 458|0x000000009ca00000, 0x000000009cb00000, 0x000000009cb00000|100%| E|CS|TAMS 0x000000009cb00000| PB 0x000000009ca00000| Complete 
| 459|0x000000009cb00000, 0x000000009cc00000, 0x000000009cc00000|100%| E|CS|TAMS 0x000000009cc00000| PB 0x000000009cb00000| Complete 
| 460|0x000000009cc00000, 0x000000009cd00000, 0x000000009cd00000|100%| E|CS|TAMS 0x000000009cd00000| PB 0x000000009cc00000| Complete 
| 461|0x000000009cd00000, 0x000000009ce00000, 0x000000009ce00000|100%| E|CS|TAMS 0x000000009ce00000| PB 0x000000009cd00000| Complete 
| 462|0x000000009ce00000, 0x000000009cf00000, 0x000000009cf00000|100%| E|CS|TAMS 0x000000009cf00000| PB 0x000000009ce00000| Complete 
|2014|0x00000000fde00000, 0x00000000fdf00000, 0x00000000fdf00000|100%| O|  |TAMS 0x00000000fdeb19c0| PB 0x00000000fde00000| Untracked 
|2015|0x00000000fdf00000, 0x00000000fe000000, 0x00000000fe000000|100%| O|  |TAMS 0x00000000fe000000| PB 0x00000000fdf00000| Untracked 
|2016|0x00000000fe000000, 0x00000000fe100000, 0x00000000fe100000|100%| O|  |TAMS 0x00000000fe100000| PB 0x00000000fe000000| Untracked 
|2017|0x00000000fe100000, 0x00000000fe200000, 0x00000000fe200000|100%| O|  |TAMS 0x00000000fe200000| PB 0x00000000fe100000| Untracked 
|2018|0x00000000fe200000, 0x00000000fe300000, 0x00000000fe300000|100%| O|  |TAMS 0x00000000fe300000| PB 0x00000000fe200000| Untracked 
|2019|0x00000000fe300000, 0x00000000fe400000, 0x00000000fe400000|100%| O|  |TAMS 0x00000000fe400000| PB 0x00000000fe300000| Untracked 
|2020|0x00000000fe400000, 0x00000000fe500000, 0x00000000fe500000|100%| O|  |TAMS 0x00000000fe500000| PB 0x00000000fe400000| Untracked 
|2021|0x00000000fe500000, 0x00000000fe600000, 0x00000000fe600000|100%| O|  |TAMS 0x00000000fe600000| PB 0x00000000fe500000| Untracked 
|2022|0x00000000fe600000, 0x00000000fe700000, 0x00000000fe700000|100%| O|  |TAMS 0x00000000fe700000| PB 0x00000000fe600000| Untracked 
|2023|0x00000000fe700000, 0x00000000fe800000, 0x00000000fe800000|100%| O|  |TAMS 0x00000000fe800000| PB 0x00000000fe700000| Untracked 
|2024|0x00000000fe800000, 0x00000000fe900000, 0x00000000fe900000|100%| O|  |TAMS 0x00000000fe900000| PB 0x00000000fe800000| Untracked 
|2025|0x00000000fe900000, 0x00000000fea00000, 0x00000000fea00000|100%| O|  |TAMS 0x00000000fea00000| PB 0x00000000fe900000| Untracked 
|2026|0x00000000fea00000, 0x00000000feb00000, 0x00000000feb00000|100%| O|  |TAMS 0x00000000feb00000| PB 0x00000000fea00000| Untracked 
|2027|0x00000000feb00000, 0x00000000fec00000, 0x00000000fec00000|100%| O|  |TAMS 0x00000000fec00000| PB 0x00000000feb00000| Untracked 
|2028|0x00000000fec00000, 0x00000000fed00000, 0x00000000fed00000|100%| E|CS|TAMS 0x00000000fed00000| PB 0x00000000fec00000| Complete 
|2029|0x00000000fed00000, 0x00000000fee00000, 0x00000000fee00000|100%| E|CS|TAMS 0x00000000fee00000| PB 0x00000000fed00000| Complete 
|2030|0x00000000fee00000, 0x00000000fef00000, 0x00000000fef00000|100%| O|  |TAMS 0x00000000fef00000| PB 0x00000000fee00000| Untracked 
|2031|0x00000000fef00000, 0x00000000ff000000, 0x00000000ff000000|100%| O|  |TAMS 0x00000000ff000000| PB 0x00000000fef00000| Untracked 
|2032|0x00000000ff000000, 0x00000000ff100000, 0x00000000ff100000|100%| O|  |TAMS 0x00000000ff100000| PB 0x00000000ff000000| Untracked 
|2033|0x00000000ff100000, 0x00000000ff200000, 0x00000000ff200000|100%| E|CS|TAMS 0x00000000ff200000| PB 0x00000000ff100000| Complete 
|2034|0x00000000ff200000, 0x00000000ff300000, 0x00000000ff300000|100%| E|CS|TAMS 0x00000000ff300000| PB 0x00000000ff200000| Complete 
|2035|0x00000000ff300000, 0x00000000ff400000, 0x00000000ff400000|100%| E|CS|TAMS 0x00000000ff400000| PB 0x00000000ff300000| Complete 
|2036|0x00000000ff400000, 0x00000000ff500000, 0x00000000ff500000|100%| E|CS|TAMS 0x00000000ff500000| PB 0x00000000ff400000| Complete 
|2037|0x00000000ff500000, 0x00000000ff600000, 0x00000000ff600000|100%| E|CS|TAMS 0x00000000ff600000| PB 0x00000000ff500000| Complete 
|2038|0x00000000ff600000, 0x00000000ff700000, 0x00000000ff700000|100%| E|CS|TAMS 0x00000000ff700000| PB 0x00000000ff600000| Complete 
|2039|0x00000000ff700000, 0x00000000ff800000, 0x00000000ff800000|100%| E|CS|TAMS 0x00000000ff800000| PB 0x00000000ff700000| Complete 
|2040|0x00000000ff800000, 0x00000000ff900000, 0x00000000ff900000|100%| E|CS|TAMS 0x00000000ff900000| PB 0x00000000ff800000| Complete 
|2041|0x00000000ff900000, 0x00000000ffa00000, 0x00000000ffa00000|100%| E|CS|TAMS 0x00000000ffa00000| PB 0x00000000ff900000| Complete 
|2042|0x00000000ffa00000, 0x00000000ffb00000, 0x00000000ffb00000|100%| E|CS|TAMS 0x00000000ffb00000| PB 0x00000000ffa00000| Complete 
|2043|0x00000000ffb00000, 0x00000000ffc00000, 0x00000000ffc00000|100%| E|CS|TAMS 0x00000000ffc00000| PB 0x00000000ffb00000| Complete 
|2044|0x00000000ffc00000, 0x00000000ffd00000, 0x00000000ffd00000|100%| E|CS|TAMS 0x00000000ffd00000| PB 0x00000000ffc00000| Complete 
|2045|0x00000000ffd00000, 0x00000000ffe00000, 0x00000000ffe00000|100%| O|  |TAMS 0x00000000ffe00000| PB 0x00000000ffd00000| Untracked 
|2046|0x00000000ffe00000, 0x00000000fff00000, 0x00000000fff00000|100%| O|  |TAMS 0x00000000fff00000| PB 0x00000000ffe00000| Untracked 
|2047|0x00000000fff00000, 0x0000000100000000, 0x0000000100000000|100%| O|  |TAMS 0x0000000100000000| PB 0x00000000fff00000| Untracked 

Card table byte_map: [0x000001885feb0000,0x00000188602b0000] _byte_map_base: 0x000001885fab0000

Marking Bits: (CMBitMap*) 0x00000188483cc140
 Bits: [0x00000188602b0000, 0x00000188622b0000)

Polling page: 0x0000018847b40000

Metaspace:

Usage:
  Non-class:    197.47 MB used.
      Class:     28.51 MB used.
       Both:    225.98 MB used.

Virtual space:
  Non-class space:      256.00 MB reserved,     199.12 MB ( 78%) committed,  4 nodes.
      Class space:        1.00 GB reserved,      30.06 MB (  3%) committed,  1 nodes.
             Both:        1.25 GB reserved,     229.19 MB ( 18%) committed. 

Chunk freelists:
   Non-Class:  8.47 MB
       Class:  1.81 MB
        Both:  10.28 MB

MaxMetaspaceSize: unlimited
CompressedClassSpaceSize: 1.00 GB
Initial GC threshold: 21.00 MB
Current GC threshold: 379.62 MB
CDS: on
 - commit_granule_bytes: 65536.
 - commit_granule_words: 8192.
 - virtual_space_node_default_size: 8388608.
 - enlarge_chunks_in_place: 1.
 - use_allocation_guard: 0.


Internal statistics:

num_allocs_failed_limit: 15.
num_arena_births: 6098.
num_arena_deaths: 20.
num_vsnodes_births: 5.
num_vsnodes_deaths: 0.
num_space_committed: 3661.
num_space_uncommitted: 0.
num_chunks_returned_to_freelist: 56.
num_chunks_taken_from_freelist: 15835.
num_chunk_merges: 17.
num_chunk_splits: 10916.
num_chunks_enlarged: 7434.
num_inconsistent_stats: 0.

CodeHeap 'non-profiled nmethods': size=120000Kb used=17458Kb max_used=17458Kb free=102541Kb
 bounds [0x0000018858580000, 0x00000188596a0000, 0x000001885fab0000]
CodeHeap 'profiled nmethods': size=120000Kb used=39237Kb max_used=45337Kb free=80762Kb
 bounds [0x0000018850ab0000, 0x0000018853720000, 0x0000018857fe0000]
CodeHeap 'non-nmethods': size=5760Kb used=3215Kb max_used=3298Kb free=2544Kb
 bounds [0x0000018857fe0000, 0x0000018858330000, 0x0000018858580000]
CodeCache: size=245760Kb, used=59910Kb, max_used=66093Kb, free=185847Kb
 total_blobs=20217, nmethods=18825, adapters=1292, full_count=0
Compilation: enabled, stopped_count=0, restarted_count=0

Compilation events (20 events):
Event: 1347.756 Thread 0x000001886478cc80 48618       2       com.android.tools.r8.dex.code.W0::<init> (44 bytes)
Event: 1347.757 Thread 0x000001886478cc80 nmethod 48618 0x0000018852c89e90 code [0x0000018852c8a020, 0x0000018852c8a138]
Event: 1347.757 Thread 0x000001886478cc80 48619       2       com.android.tools.r8.dex.code.W0::hashCode (21 bytes)
Event: 1347.757 Thread 0x000001886478cc80 nmethod 48619 0x0000018852c89a90 code [0x0000018852c89c40, 0x0000018852c89da0]
Event: 1347.767 Thread 0x000001886478cc80 48620       3       com.android.tools.r8.internal.mu::R2 (36 bytes)
Event: 1347.768 Thread 0x000001886478cc80 nmethod 48620 0x0000018852c89510 code [0x0000018852c896c0, 0x0000018852c899a0]
Event: 1347.802 Thread 0x000001886478cc80 48623       2       com.android.tools.r8.internal.ul0::b (41 bytes)
Event: 1347.803 Thread 0x000001886478cc80 nmethod 48623 0x0000018852c88e10 code [0x0000018852c89000, 0x0000018852c89360]
Event: 1347.813 Thread 0x000001886478cc80 48624       3       com.android.tools.r8.internal.j9$$Lambda/0x0000018802d2d5a0::apply (16 bytes)
Event: 1347.813 Thread 0x000001886478cc80 nmethod 48624 0x0000018852c88810 code [0x0000018852c889e0, 0x0000018852c88d18]
Event: 1347.813 Thread 0x000001886478cc80 48625       3       com.android.tools.r8.internal.j9::a (45 bytes)
Event: 1347.814 Thread 0x000001886478cc80 nmethod 48625 0x0000018852c87e10 code [0x0000018852c88040, 0x0000018852c88610]
Event: 1347.814 Thread 0x000001886478cc80 48626       3       com.android.tools.r8.internal.Ua$$Lambda/0x0000018802d2d368::apply (20 bytes)
Event: 1347.814 Thread 0x000001886478cc80 nmethod 48626 0x0000018852c87690 code [0x0000018852c87860, 0x0000018852c87cb0]
Event: 1347.821 Thread 0x000001886478cc80 48627       3       com.android.tools.r8.ir.regalloc.b::a (761 bytes)
Event: 1347.823 Thread 0x000001886478cc80 nmethod 48627 0x0000018852c83090 code [0x0000018852c83620, 0x0000018852c86548]
Event: 1347.826 Thread 0x000001886478cc80 48629       3       com.android.tools.r8.internal.J5::<init> (29 bytes)
Event: 1347.826 Thread 0x000001886478cc80 nmethod 48629 0x0000018852c81d10 code [0x0000018852c81fa0, 0x0000018852c82c08]
Event: 1347.827 Thread 0x000001886478cc80 48630       2       com.android.tools.r8.utils.structural.A$$Lambda/0x00000188029c32b8::a (11 bytes)
Event: 1347.827 Thread 0x000001886478cc80 nmethod 48630 0x0000018852c81910 code [0x0000018852c81ac0, 0x0000018852c81c50]

GC Heap History (20 events):
Event: 1333.135 GC heap after
{Heap after GC invocations=201 (full 0):
 garbage-first heap   total 480256K, used 262930K [0x0000000080000000, 0x0000000100000000)
  region size 1024K, 6 young (6144K), 6 survivors (6144K)
 Metaspace       used 216461K, committed 219648K, reserved 1245184K
  class space    used 27216K, committed 28800K, reserved 1048576K
}
Event: 1333.656 GC heap before
{Heap before GC invocations=201 (full 0):
 garbage-first heap   total 480256K, used 451346K [0x0000000080000000, 0x0000000100000000)
  region size 1024K, 192 young (196608K), 6 survivors (6144K)
 Metaspace       used 216463K, committed 219648K, reserved 1245184K
  class space    used 27216K, committed 28800K, reserved 1048576K
}
Event: 1333.665 GC heap after
{Heap after GC invocations=202 (full 0):
 garbage-first heap   total 480256K, used 263718K [0x0000000080000000, 0x0000000100000000)
  region size 1024K, 7 young (7168K), 7 survivors (7168K)
 Metaspace       used 216463K, committed 219648K, reserved 1245184K
  class space    used 27216K, committed 28800K, reserved 1048576K
}
Event: 1334.171 GC heap before
{Heap before GC invocations=203 (full 0):
 garbage-first heap   total 480256K, used 455206K [0x0000000080000000, 0x0000000100000000)
  region size 1024K, 194 young (198656K), 7 survivors (7168K)
 Metaspace       used 216465K, committed 219648K, reserved 1245184K
  class space    used 27216K, committed 28800K, reserved 1048576K
}
Event: 1334.179 GC heap after
{Heap after GC invocations=204 (full 0):
 garbage-first heap   total 480256K, used 264577K [0x0000000080000000, 0x0000000100000000)
  region size 1024K, 8 young (8192K), 8 survivors (8192K)
 Metaspace       used 216465K, committed 219648K, reserved 1245184K
  class space    used 27216K, committed 28800K, reserved 1048576K
}
Event: 1334.539 GC heap before
{Heap before GC invocations=204 (full 0):
 garbage-first heap   total 480256K, used 454017K [0x0000000080000000, 0x0000000100000000)
  region size 1024K, 194 young (198656K), 8 survivors (8192K)
 Metaspace       used 216469K, committed 219648K, reserved 1245184K
  class space    used 27217K, committed 28800K, reserved 1048576K
}
Event: 1334.549 GC heap after
{Heap after GC invocations=205 (full 0):
 garbage-first heap   total 480256K, used 259596K [0x0000000080000000, 0x0000000100000000)
  region size 1024K, 9 young (9216K), 9 survivors (9216K)
 Metaspace       used 216469K, committed 219648K, reserved 1245184K
  class space    used 27217K, committed 28800K, reserved 1048576K
}
Event: 1334.747 GC heap before
{Heap before GC invocations=205 (full 0):
 garbage-first heap   total 480256K, used 368140K [0x0000000080000000, 0x0000000100000000)
  region size 1024K, 116 young (118784K), 9 survivors (9216K)
 Metaspace       used 216469K, committed 219648K, reserved 1245184K
  class space    used 27217K, committed 28800K, reserved 1048576K
}
Event: 1334.755 GC heap after
{Heap after GC invocations=206 (full 0):
 garbage-first heap   total 480256K, used 260273K [0x0000000080000000, 0x0000000100000000)
  region size 1024K, 9 young (9216K), 9 survivors (9216K)
 Metaspace       used 216469K, committed 219648K, reserved 1245184K
  class space    used 27217K, committed 28800K, reserved 1048576K
}
Event: 1335.822 GC heap before
{Heap before GC invocations=207 (full 0):
 garbage-first heap   total 480256K, used 465073K [0x0000000080000000, 0x0000000100000000)
  region size 1024K, 199 young (203776K), 9 survivors (9216K)
 Metaspace       used 216474K, committed 219712K, reserved 1245184K
  class space    used 27218K, committed 28800K, reserved 1048576K
}
Event: 1335.829 GC heap after
{Heap after GC invocations=208 (full 0):
 garbage-first heap   total 480256K, used 256599K [0x0000000080000000, 0x0000000100000000)
  region size 1024K, 6 young (6144K), 6 survivors (6144K)
 Metaspace       used 216474K, committed 219712K, reserved 1245184K
  class space    used 27218K, committed 28800K, reserved 1048576K
}
Event: 1342.875 GC heap before
{Heap before GC invocations=208 (full 0):
 garbage-first heap   total 480256K, used 453207K [0x0000000080000000, 0x0000000100000000)
  region size 1024K, 199 young (203776K), 6 survivors (6144K)
 Metaspace       used 226531K, committed 229760K, reserved 1310720K
  class space    used 28674K, committed 30272K, reserved 1048576K
}
Event: 1342.898 GC heap after
{Heap after GC invocations=209 (full 0):
 garbage-first heap   total 480256K, used 263695K [0x0000000080000000, 0x0000000100000000)
  region size 1024K, 16 young (16384K), 16 survivors (16384K)
 Metaspace       used 226531K, committed 229760K, reserved 1310720K
  class space    used 28674K, committed 30272K, reserved 1048576K
}
Event: 1344.938 GC heap before
{Heap before GC invocations=209 (full 0):
 garbage-first heap   total 480256K, used 454159K [0x0000000080000000, 0x0000000100000000)
  region size 1024K, 202 young (206848K), 16 survivors (16384K)
 Metaspace       used 229950K, committed 233216K, reserved 1310720K
  class space    used 29003K, committed 30592K, reserved 1048576K
}
Event: 1344.954 GC heap after
{Heap after GC invocations=210 (full 0):
 garbage-first heap   total 480256K, used 263222K [0x0000000080000000, 0x0000000100000000)
  region size 1024K, 11 young (11264K), 11 survivors (11264K)
 Metaspace       used 229950K, committed 233216K, reserved 1310720K
  class space    used 29003K, committed 30592K, reserved 1048576K
}
Event: 1346.802 GC heap before
{Heap before GC invocations=211 (full 0):
 garbage-first heap   total 480256K, used 453686K [0x0000000080000000, 0x0000000100000000)
  region size 1024K, 198 young (202752K), 11 survivors (11264K)
 Metaspace       used 231292K, committed 234496K, reserved 1310720K
  class space    used 29185K, committed 30784K, reserved 1048576K
}
Event: 1346.815 GC heap after
{Heap after GC invocations=212 (full 0):
 garbage-first heap   total 480256K, used 272438K [0x0000000080000000, 0x0000000100000000)
  region size 1024K, 20 young (20480K), 20 survivors (20480K)
 Metaspace       used 231292K, committed 234496K, reserved 1310720K
  class space    used 29185K, committed 30784K, reserved 1048576K
}
Event: 1347.318 GC heap before
{Heap before GC invocations=212 (full 0):
 garbage-first heap   total 480256K, used 453686K [0x0000000080000000, 0x0000000100000000)
  region size 1024K, 198 young (202752K), 20 survivors (20480K)
 Metaspace       used 231365K, committed 234560K, reserved 1310720K
  class space    used 29192K, committed 30784K, reserved 1048576K
}
Event: 1347.363 GC heap after
{Heap after GC invocations=213 (full 0):
 garbage-first heap   total 508928K, used 298694K [0x0000000080000000, 0x0000000100000000)
  region size 1024K, 25 young (25600K), 25 survivors (25600K)
 Metaspace       used 231365K, committed 234560K, reserved 1310720K
  class space    used 29192K, committed 30784K, reserved 1048576K
}
Event: 1347.831 GC heap before
{Heap before GC invocations=213 (full 0):
 garbage-first heap   total 508928K, used 465606K [0x0000000080000000, 0x0000000100000000)
  region size 1024K, 188 young (192512K), 25 survivors (25600K)
 Metaspace       used 231404K, committed 234688K, reserved 1310720K
  class space    used 29196K, committed 30784K, reserved 1048576K
}

Dll operation events (20 events):
Event: 0.094 Attempting to load shared library C:\Users\peter\.jdks\ms-21.0.12.1\bin\nio.dll
Event: 0.094 Loaded shared library C:\Users\peter\.jdks\ms-21.0.12.1\bin\nio.dll
Event: 0.098 Attempting to load shared library C:\Users\peter\.jdks\ms-21.0.12.1\bin\zip.dll
Event: 0.098 Loaded shared library C:\Users\peter\.jdks\ms-21.0.12.1\bin\zip.dll
Event: 0.336 Attempting to load shared library C:\Users\peter\.jdks\ms-21.0.12.1\bin\jimage.dll
Event: 0.336 Loaded shared library C:\Users\peter\.jdks\ms-21.0.12.1\bin\jimage.dll
Event: 0.396 Attempting to load shared library C:\Users\peter\.jdks\ms-21.0.12.1\bin\verify.dll
Event: 0.397 Loaded shared library C:\Users\peter\.jdks\ms-21.0.12.1\bin\verify.dll
Event: 0.555 Attempting to load shared library C:\Users\peter\.gradle\native\c067742578af261105cb4f569cf0c3c89f3d7b1fecec35dd04571415982c5e48\windows-amd64\native-platform.dll
Event: 0.556 Loaded shared library C:\Users\peter\.gradle\native\c067742578af261105cb4f569cf0c3c89f3d7b1fecec35dd04571415982c5e48\windows-amd64\native-platform.dll
Event: 0.560 Attempting to load shared library C:\Users\peter\.gradle\native\38dada09dfb8b06ba9b0570ebf7e218e3eb74d4ef43ca46872605cf95ebc2f47\windows-amd64\native-platform-file-events.dll
Event: 0.562 Loaded shared library C:\Users\peter\.gradle\native\38dada09dfb8b06ba9b0570ebf7e218e3eb74d4ef43ca46872605cf95ebc2f47\windows-amd64\native-platform-file-events.dll
Event: 1.536 Attempting to load shared library C:\Users\peter\.jdks\ms-21.0.12.1\bin\management.dll
Event: 1.536 Loaded shared library C:\Users\peter\.jdks\ms-21.0.12.1\bin\management.dll
Event: 1.539 Attempting to load shared library C:\Users\peter\.jdks\ms-21.0.12.1\bin\management_ext.dll
Event: 1.539 Loaded shared library C:\Users\peter\.jdks\ms-21.0.12.1\bin\management_ext.dll
Event: 1.695 Attempting to load shared library C:\Users\peter\.jdks\ms-21.0.12.1\bin\extnet.dll
Event: 1.696 Loaded shared library C:\Users\peter\.jdks\ms-21.0.12.1\bin\extnet.dll
Event: 1.828 Attempting to load shared library C:\Users\peter\.jdks\ms-21.0.12.1\bin\sunmscapi.dll
Event: 1.829 Loaded shared library C:\Users\peter\.jdks\ms-21.0.12.1\bin\sunmscapi.dll

Deoptimization events (20 events):
Event: 1347.746 Thread 0x000001886e63f410 Uncommon trap: trap_request=0xffffff45 fr.pc=0x0000018859676218 relative=0x00000000000023d8
Event: 1347.746 Thread 0x000001886e63f410 Uncommon trap: reason=unstable_if action=reinterpret pc=0x0000018859676218 method=com.android.tools.r8.graph.h.a(Lcom/android/tools/r8/graph/I2;Lcom/android/tools/r8/graph/l1;Lcom/android/tools/r8/graph/A5;)Lcom/android/tools/r8/graph/w3; @ 28 c2
Event: 1347.746 Thread 0x000001886e63f410 DEOPT PACKING pc=0x0000018859676218 sp=0x000000491a8f9610
Event: 1347.746 Thread 0x000001886e63f410 DEOPT UNPACKING pc=0x0000018858034422 sp=0x000000491a8f9410 mode 2
Event: 1347.756 Thread 0x000001886e640130 DEOPT PACKING pc=0x0000018852ea4a46 sp=0x000000491a7f9090
Event: 1347.756 Thread 0x000001886e640130 DEOPT UNPACKING pc=0x0000018858034bc2 sp=0x000000491a7f87c0 mode 0
Event: 1347.779 Thread 0x000001886fa50770 DEOPT PACKING pc=0x0000018850ccb861 sp=0x00000049182f70b0
Event: 1347.779 Thread 0x000001886fa50770 DEOPT UNPACKING pc=0x0000018858034bc2 sp=0x00000049182f6598 mode 0
Event: 1347.790 Thread 0x000001886e6414e0 DEOPT PACKING pc=0x0000018850ccb861 sp=0x000000491a9f98f0
Event: 1347.790 Thread 0x000001886e6414e0 DEOPT UNPACKING pc=0x0000018858034bc2 sp=0x000000491a9f8dd8 mode 0
Event: 1347.805 Thread 0x000001886e640130 DEOPT PACKING pc=0x0000018852cb7722 sp=0x000000491a7f94d0
Event: 1347.805 Thread 0x000001886e640130 DEOPT UNPACKING pc=0x0000018858034bc2 sp=0x000000491a7f8a58 mode 0
Event: 1347.811 Thread 0x000001886e640130 DEOPT PACKING pc=0x0000018852ea4a46 sp=0x000000491a7f9090
Event: 1347.811 Thread 0x000001886e640130 DEOPT UNPACKING pc=0x0000018858034bc2 sp=0x000000491a7f87c0 mode 0
Event: 1347.821 Thread 0x000001886e640130 DEOPT PACKING pc=0x000001885139d101 sp=0x000000491a7f8a10
Event: 1347.821 Thread 0x000001886e640130 DEOPT UNPACKING pc=0x0000018858034bc2 sp=0x000000491a7f7f50 mode 0
Event: 1347.822 Thread 0x000001886e640130 DEOPT PACKING pc=0x0000018852ea4a46 sp=0x000000491a7f9090
Event: 1347.822 Thread 0x000001886e640130 DEOPT UNPACKING pc=0x0000018858034bc2 sp=0x000000491a7f87c0 mode 0
Event: 1347.824 Thread 0x000001886e640130 DEOPT PACKING pc=0x00000188515ba1a8 sp=0x000000491a7f9a00
Event: 1347.824 Thread 0x000001886e640130 DEOPT UNPACKING pc=0x0000018858034bc2 sp=0x000000491a7f90a8 mode 0

Classes loaded (20 events):
Event: 1342.663 Loading class java/util/IdentityHashMap$EntrySpliterator
Event: 1342.664 Loading class java/util/IdentityHashMap$IdentityHashMapSpliterator
Event: 1342.664 Loading class java/util/IdentityHashMap$IdentityHashMapSpliterator done
Event: 1342.664 Loading class java/util/IdentityHashMap$EntrySpliterator done
Event: 1342.681 Loading class java/util/SortedSet$1
Event: 1342.681 Loading class java/util/SortedSet$1 done
Event: 1342.685 Loading class java/util/stream/SliceOps
Event: 1342.686 Loading class java/util/stream/SliceOps done
Event: 1342.686 Loading class java/util/stream/SliceOps$1
Event: 1342.686 Loading class java/util/stream/SliceOps$1 done
Event: 1342.686 Loading class java/util/stream/SliceOps$1$1
Event: 1342.686 Loading class java/util/stream/SliceOps$1$1 done
Event: 1342.694 Loading class java/util/PriorityQueue
Event: 1342.694 Loading class java/util/PriorityQueue done
Event: 1345.876 Loading class java/nio/ShortBuffer
Event: 1345.877 Loading class java/nio/ShortBuffer done
Event: 1345.978 Loading class java/nio/ByteBufferAsShortBufferL
Event: 1345.978 Loading class java/nio/ByteBufferAsShortBufferL done
Event: 1346.050 Loading class java/util/zip/Adler32
Event: 1346.050 Loading class java/util/zip/Adler32 done

Classes unloaded (20 events):
Event: 1327.999 Thread 0x000001886475a380 Unloading class 0x0000018802afc000 'SetupUtpTestResultListenerAction$_execute_closure1'
Event: 1327.999 Thread 0x000001886475a380 Unloading class 0x0000018802af7c00 'SetupUtpTestResultListenerAction'
Event: 1327.999 Thread 0x000001886475a380 Unloading class 0x0000018802af4000 '_BuildScript_$_run_closure1$_closure3'
Event: 1327.999 Thread 0x000001886475a380 Unloading class 0x0000018802af3928 '_BuildScript_$_run_closure1$_closure2'
Event: 1327.999 Thread 0x000001886475a380 Unloading class 0x0000018802af3538 '_BuildScript_$_run_closure1'
Event: 1327.999 Thread 0x000001886475a380 Unloading class 0x0000018802af3000 '_BuildScript_'
Event: 1327.999 Thread 0x000001886475a380 Unloading class 0x0000018802af2400 'KotlinCoroutineJvmDebugArgumentsProvider$_asArguments_closure1'
Event: 1327.999 Thread 0x000001886475a380 Unloading class 0x0000018802af2a00 'KotlinCoroutineJvmDebugArgumentsProvider'
Event: 1327.999 Thread 0x000001886475a380 Unloading class 0x0000018802af2800 'Properties'
Event: 1327.999 Thread 0x000001886475a380 Unloading class 0x0000018802af0928 '_BuildScript_$_run_closure1$_closure2'
Event: 1327.999 Thread 0x000001886475a380 Unloading class 0x0000018802af0538 '_BuildScript_$_run_closure1'
Event: 1327.999 Thread 0x000001886475a380 Unloading class 0x0000018802af0000 '_BuildScript_'
Event: 1327.999 Thread 0x000001886475a380 Unloading class 0x0000018802aec3f0 '_BuildScript_$_run_closure1$_closure2$_closure4'
Event: 1327.999 Thread 0x000001886475a380 Unloading class 0x0000018802aec000 '_BuildScript_$_run_closure1$_closure2$_closure3'
Event: 1327.999 Thread 0x000001886475a380 Unloading class 0x0000018802aeb928 '_BuildScript_$_run_closure1$_closure2'
Event: 1327.999 Thread 0x000001886475a380 Unloading class 0x0000018802aeb538 '_BuildScript_$_run_closure1'
Event: 1327.999 Thread 0x000001886475a380 Unloading class 0x0000018802aeb000 '_BuildScript_'
Event: 1327.999 Thread 0x000001886475a380 Unloading class 0x0000018802ae9928 '_BuildScript_$_run_closure1$_closure2'
Event: 1327.999 Thread 0x000001886475a380 Unloading class 0x0000018802ae9538 '_BuildScript_$_run_closure1'
Event: 1327.999 Thread 0x000001886475a380 Unloading class 0x0000018802ae9000 '_BuildScript_'

Classes redefined (0 events):
No events

Internal exceptions (20 events):
Event: 1342.625 Thread 0x000001886e63f410 Exception <a 'java/lang/NoSuchMethodError'{0x0000000091c83b40}: 'void java.lang.invoke.DirectMethodHandle$Holder.invokeSpecial(java.lang.Object, java.lang.Object, int, java.lang.Object)'> (0x0000000091c83b40) 
thrown [s\src\hotspot\share\interpreter\linkResolver.cpp, line 773]
Event: 1342.713 Thread 0x000001886e640130 Exception <a 'java/lang/NoSuchMethodError'{0x00000000915ac688}: 'int java.lang.invoke.DirectMethodHandle$Holder.invokeSpecial(java.lang.Object, java.lang.Object, java.lang.Object, int, java.lang.Object)'> (0x00000000915ac688) 
thrown [s\src\hotspot\share\interpreter\linkResolver.cpp, line 773]
Event: 1342.713 Thread 0x000001886fa50770 Exception <a 'java/lang/NoSuchMethodError'{0x00000000915faaf0}: 'int java.lang.invoke.DirectMethodHandle$Holder.invokeSpecial(java.lang.Object, java.lang.Object, java.lang.Object, int, java.lang.Object)'> (0x00000000915faaf0) 
thrown [s\src\hotspot\share\interpreter\linkResolver.cpp, line 773]
Event: 1342.713 Thread 0x000001886e63f410 Exception <a 'java/lang/NoSuchMethodError'{0x00000000914199a0}: 'int java.lang.invoke.DirectMethodHandle$Holder.invokeSpecial(java.lang.Object, java.lang.Object, java.lang.Object, int, java.lang.Object)'> (0x00000000914199a0) 
thrown [s\src\hotspot\share\interpreter\linkResolver.cpp, line 773]
Event: 1342.829 Thread 0x000001886fa50770 Exception <a 'java/lang/NoSuchMethodError'{0x0000000090d2f318}: 'int java.lang.invoke.DirectMethodHandle$Holder.invokeSpecial(java.lang.Object, java.lang.Object, java.lang.Object, java.lang.Object, java.lang.Object, java.lang.Object)'> (0x0000000090d2f318) 
thrown [s\src\hotspot\share\interpreter\linkResolver.cpp, line 773]
Event: 1342.830 Thread 0x000001886e640130 Exception <a 'java/lang/NoSuchMethodError'{0x00000000910b55b0}: 'void java.lang.invoke.DirectMethodHandle$Holder.invokeStatic(java.lang.Object, java.lang.Object, java.lang.Object, java.lang.Object, java.lang.Object, java.lang.Object, java.lang.Object)'> (0x00000000910b55b0) 
thrown [s\src\hotspot\share\interpreter\linkResolver.cpp, line 773]
Event: 1343.296 Thread 0x000001886e640130 Exception <a 'java/lang/NoSuchMethodError'{0x000000009b410b98}: 'java.lang.Object java.lang.invoke.DirectMethodHandle$Holder.invokeInterface(java.lang.Object, java.lang.Object, int)'> (0x000000009b410b98) 
thrown [s\src\hotspot\share\interpreter\linkResolver.cpp, line 773]
Event: 1343.639 Thread 0x000001886e63f410 Exception <a 'java/lang/IncompatibleClassChangeError'{0x000000009a266068}: Found class java.lang.Object, but interface was expected> (0x000000009a266068) 
thrown [s\src\hotspot\share\interpreter\linkResolver.cpp, line 840]
Event: 1344.149 Thread 0x000001886e63f410 Exception <a 'java/lang/NoSuchMethodError'{0x00000000972a8290}: 'int java.lang.invoke.DirectMethodHandle$Holder.invokeInterface(java.lang.Object, java.lang.Object, int)'> (0x00000000972a8290) 
thrown [s\src\hotspot\share\interpreter\linkResolver.cpp, line 773]
Event: 1344.265 Thread 0x000001887e7e5e90 Exception <a 'sun/nio/fs/WindowsException'{0x00000000964d62f8}> (0x00000000964d62f8) 
thrown [s\src\hotspot\share\prims\jni.cpp, line 520]
Event: 1344.265 Thread 0x000001887e7e5e90 Exception <a 'sun/nio/fs/WindowsException'{0x00000000964d6490}> (0x00000000964d6490) 
thrown [s\src\hotspot\share\prims\jni.cpp, line 520]
Event: 1344.661 Thread 0x000001886fa50770 Exception <a 'java/lang/NoSuchMethodError'{0x000000009282b580}: 'java.lang.Object java.lang.invoke.DirectMethodHandle$Holder.newInvokeSpecial(java.lang.Object, java.lang.Object, int, java.lang.Object, java.lang.Object, java.lang.Object)'> (0x000000009282b580) 
thrown [s\src\hotspot\share\interpreter\linkResolver.cpp, line 773]
Event: 1344.662 Thread 0x000001886fa50770 Exception <a 'java/lang/NoSuchMethodError'{0x0000000092830328}: 'java.lang.Object java.lang.invoke.Invokers$Holder.linkToTargetMethod(java.lang.Object, int, java.lang.Object, java.lang.Object, java.lang.Object, java.lang.Object)'> (0x0000000092830328) 
thrown [s\src\hotspot\share\interpreter\linkResolver.cpp, line 773]
Event: 1344.662 Thread 0x000001886fa50770 Exception <a 'java/lang/NoSuchMethodError'{0x0000000092834e28}: 'void java.lang.invoke.DirectMethodHandle$Holder.invokeSpecial(java.lang.Object, java.lang.Object, java.lang.Object, int, java.lang.Object, java.lang.Object, java.lang.Object, java.lang.Object)'> (0x0000000092834e28) 
thrown [s\src\hotspot\share\interpreter\linkResolver.cpp, line 773]
Event: 1344.679 Thread 0x000001886fa50770 Exception <a 'java/lang/NoSuchMethodError'{0x00000000928599e8}: 'void java.lang.invoke.DirectMethodHandle$Holder.invokeStatic(java.lang.Object, java.lang.Object, java.lang.Object, java.lang.Object, java.lang.Object, java.lang.Object, java.lang.Object, java.lang.Object)'> (0x00000000928599e8) 
thrown [s\src\hotspot\share\interpreter\linkResolver.cpp, line 773]
Event: 1345.783 Thread 0x000001886fa50770 Exception <a 'java/lang/IncompatibleClassChangeError'{0x000000009b56d250}: Found class java.lang.Object, but interface was expected> (0x000000009b56d250) 
thrown [s\src\hotspot\share\interpreter\linkResolver.cpp, line 840]
Event: 1346.061 Thread 0x000001886fa50770 Exception <a 'sun/nio/fs/WindowsException'{0x0000000098e95070}> (0x0000000098e95070) 
thrown [s\src\hotspot\share\prims\jni.cpp, line 520]
Event: 1346.106 Thread 0x000001886e63f410 Implicit null exception at 0x000001885893947d to 0x00000188589395b0
Event: 1346.218 Thread 0x000001886e63f410 Exception <a 'sun/nio/fs/WindowsException'{0x0000000097ef5910}> (0x0000000097ef5910) 
thrown [s\src\hotspot\share\prims\jni.cpp, line 520]
Event: 1346.543 Thread 0x000001886e640130 Exception <a 'sun/nio/fs/WindowsException'{0x00000000955522c8}> (0x00000000955522c8) 
thrown [s\src\hotspot\share\prims\jni.cpp, line 520]

ZGC Phase Switch (0 events):
No events

VM Operations (20 events):
Event: 1345.933 Executing safepoint VM operation: ICBufferFull done
Event: 1346.053 Executing non-safepoint VM operation: HandshakeAllThreads (Deoptimize)
Event: 1346.058 Executing non-safepoint VM operation: HandshakeAllThreads (Deoptimize) done
Event: 1346.119 Executing non-safepoint VM operation: HandshakeAllThreads (Deoptimize)
Event: 1346.119 Executing non-safepoint VM operation: HandshakeAllThreads (Deoptimize) done
Event: 1346.136 Executing non-safepoint VM operation: HandshakeAllThreads (Deoptimize)
Event: 1346.137 Executing non-safepoint VM operation: HandshakeAllThreads (Deoptimize) done
Event: 1346.142 Executing safepoint VM operation: ICBufferFull
Event: 1346.142 Executing safepoint VM operation: ICBufferFull done
Event: 1346.359 Executing safepoint VM operation: ICBufferFull
Event: 1346.359 Executing safepoint VM operation: ICBufferFull done
Event: 1346.770 Executing safepoint VM operation: ICBufferFull
Event: 1346.770 Executing safepoint VM operation: ICBufferFull done
Event: 1346.802 Executing safepoint VM operation: G1CollectForAllocation (G1 Evacuation Pause)
Event: 1346.815 Executing safepoint VM operation: G1CollectForAllocation (G1 Evacuation Pause) done
Event: 1347.313 Executing safepoint VM operation: ICBufferFull
Event: 1347.313 Executing safepoint VM operation: ICBufferFull done
Event: 1347.318 Executing safepoint VM operation: G1CollectForAllocation (G1 Evacuation Pause)
Event: 1347.363 Executing safepoint VM operation: G1CollectForAllocation (G1 Evacuation Pause) done
Event: 1347.831 Executing safepoint VM operation: G1CollectForAllocation (G1 Evacuation Pause)

Memory protections (0 events):
No events

Nmethod flushes (20 events):
Event: 1345.443 Thread 0x000001886475a380 flushing  nmethod 0x00000188587ff210
Event: 1345.443 Thread 0x000001886475a380 flushing  nmethod 0x0000018858a55290
Event: 1345.443 Thread 0x000001886475a380 flushing  nmethod 0x0000018858ace810
Event: 1345.443 Thread 0x000001886475a380 flushing  nmethod 0x0000018858c4a590
Event: 1345.443 Thread 0x000001886475a380 flushing  nmethod 0x000001885959ad10
Event: 1345.443 Thread 0x000001886475a380 flushing  nmethod 0x0000018851050410
Event: 1345.443 Thread 0x000001886475a380 flushing  nmethod 0x00000188517e7f10
Event: 1345.443 Thread 0x000001886475a380 flushing  nmethod 0x0000018851910510
Event: 1345.443 Thread 0x000001886475a380 flushing  nmethod 0x0000018851915410
Event: 1345.443 Thread 0x000001886475a380 flushing  nmethod 0x0000018851916010
Event: 1345.443 Thread 0x000001886475a380 flushing  nmethod 0x0000018851b8fb10
Event: 1345.443 Thread 0x000001886475a380 flushing  nmethod 0x00000188521f3090
Event: 1345.443 Thread 0x000001886475a380 flushing  nmethod 0x0000018852258e90
Event: 1345.443 Thread 0x000001886475a380 flushing  nmethod 0x0000018852401810
Event: 1345.443 Thread 0x000001886475a380 flushing  nmethod 0x00000188527c7c10
Event: 1345.443 Thread 0x000001886475a380 flushing  nmethod 0x000001885296fa10
Event: 1345.443 Thread 0x000001886475a380 flushing  nmethod 0x0000018852c4e910
Event: 1345.443 Thread 0x000001886475a380 flushing  nmethod 0x0000018852c52090
Event: 1345.443 Thread 0x000001886475a380 flushing  nmethod 0x0000018852fb6310
Event: 1345.443 Thread 0x000001886475a380 flushing  nmethod 0x00000188536dea90

Events (20 events):
Event: 1332.807 Thread 0x000001886478cc80 Thread added: 0x000001886b97b550
Event: 1334.245 Thread 0x000001886b97b550 Thread exited: 0x000001886b97b550
Event: 1335.963 Thread 0x000001886478cc80 Thread added: 0x000001886b97b550
Event: 1336.607 Thread 0x000001886fa54280 Thread added: 0x000001886dcb1f00
Event: 1337.556 Thread 0x000001886b97b550 Thread exited: 0x000001886b97b550
Event: 1338.630 Thread 0x000001886fa54280 Thread added: 0x000001887fc7f7c0
Event: 1338.630 Thread 0x000001886fa54280 Thread added: 0x000001887fc7d060
Event: 1338.630 Thread 0x000001886fa54280 Thread added: 0x000001887fc7fe50
Event: 1338.848 Thread 0x000001886478cc80 Thread added: 0x000001886b97b550
Event: 1339.285 Thread 0x000001887fc7f7c0 Thread added: 0x000001887fc804e0
Event: 1339.560 Thread 0x000001887fc7f7c0 Thread added: 0x000001886e63e6f0
Event: 1339.560 Thread 0x000001887fc7f7c0 Thread added: 0x000001886e6407c0
Event: 1339.608 Thread 0x000001886b97b550 Thread exited: 0x000001886b97b550
Event: 1340.635 Thread 0x000001886fa54280 Thread added: 0x00000188840c5660
Event: 1340.636 Thread 0x000001886fa54280 Thread added: 0x00000188840c7730
Event: 1340.636 Thread 0x000001886fa54280 Thread added: 0x00000188840c07a0
Event: 1341.325 Thread 0x000001886478cc80 Thread added: 0x00000188413d1cc0
Event: 1341.329 Thread 0x000001886fa50770 Thread added: 0x000001886e640130
Event: 1341.330 Thread 0x000001886fa50770 Thread added: 0x000001886e63f410
Event: 1341.330 Thread 0x000001886fa50770 Thread added: 0x000001886e6414e0


Dynamic libraries:
0x00007ff65f450000 - 0x00007ff65f45e000 	C:\Users\peter\.jdks\ms-21.0.12.1\bin\java.exe
0x00007ff918890000 - 0x00007ff918a88000 	C:\WINDOWS\SYSTEM32\ntdll.dll
0x00007ff918690000 - 0x00007ff918752000 	C:\WINDOWS\System32\KERNEL32.DLL
0x00007ff9160d0000 - 0x00007ff9163c6000 	C:\WINDOWS\System32\KERNELBASE.dll
0x00007ff9166e0000 - 0x00007ff9167e0000 	C:\WINDOWS\System32\ucrtbase.dll
0x00007ff8eec50000 - 0x00007ff8eec6e000 	C:\WINDOWS\SYSTEM32\VCRUNTIME140.dll
0x00007ff8fc360000 - 0x00007ff8fc378000 	C:\Users\peter\.jdks\ms-21.0.12.1\bin\jli.dll
0x00007ff916e30000 - 0x00007ff916fd1000 	C:\WINDOWS\System32\USER32.dll
0x00007ff9166b0000 - 0x00007ff9166d2000 	C:\WINDOWS\System32\win32u.dll
0x00007ff90ccd0000 - 0x00007ff90cf6b000 	C:\WINDOWS\WinSxS\amd64_microsoft.windows.common-controls_6595b64144ccf1df_6.0.19041.6456_none_60b8a6cb71f64256\COMCTL32.dll
0x00007ff917640000 - 0x00007ff91766b000 	C:\WINDOWS\System32\GDI32.dll
0x00007ff9185f0000 - 0x00007ff91868e000 	C:\WINDOWS\System32\msvcrt.dll
0x00007ff915f20000 - 0x00007ff916039000 	C:\WINDOWS\System32\gdi32full.dll
0x00007ff916560000 - 0x00007ff9165fd000 	C:\WINDOWS\System32\msvcp_win.dll
0x00007ff917e50000 - 0x00007ff917e7f000 	C:\WINDOWS\System32\IMM32.DLL
0x00007ff8fc140000 - 0x00007ff8fc15e000 	C:\Users\peter\.jdks\ms-21.0.12.1\bin\vcruntime140.dll
0x00007ff8fe090000 - 0x00007ff8fe09c000 	C:\Users\peter\.jdks\ms-21.0.12.1\bin\vcruntime140_1.dll
0x00007ff8f1280000 - 0x00007ff8f1309000 	C:\Users\peter\.jdks\ms-21.0.12.1\bin\msvcp140.dll
0x00007ff8dbdf0000 - 0x00007ff8dcb9f000 	C:\Users\peter\.jdks\ms-21.0.12.1\bin\server\jvm.dll
0x00007ff917a80000 - 0x00007ff917b31000 	C:\WINDOWS\System32\ADVAPI32.dll
0x00007ff916fe0000 - 0x00007ff91707f000 	C:\WINDOWS\System32\sechost.dll
0x00007ff9170a0000 - 0x00007ff9171c0000 	C:\WINDOWS\System32\RPCRT4.dll
0x00007ff916530000 - 0x00007ff916557000 	C:\WINDOWS\System32\bcrypt.dll
0x00007ff918760000 - 0x00007ff9187cb000 	C:\WINDOWS\System32\WS2_32.dll
0x00007ff915900000 - 0x00007ff91594b000 	C:\WINDOWS\SYSTEM32\POWRPROF.dll
0x00007ff90d750000 - 0x00007ff90d777000 	C:\WINDOWS\SYSTEM32\WINMM.dll
0x00007ff90f5e0000 - 0x00007ff90f5ea000 	C:\WINDOWS\SYSTEM32\VERSION.dll
0x00007ff9158e0000 - 0x00007ff9158f2000 	C:\WINDOWS\SYSTEM32\UMPDC.dll
0x00007ff913cc0000 - 0x00007ff913cd2000 	C:\WINDOWS\SYSTEM32\kernel.appcore.dll
0x00007ff8fdfb0000 - 0x00007ff8fdfba000 	C:\Users\peter\.jdks\ms-21.0.12.1\bin\jimage.dll
0x00007ff903f50000 - 0x00007ff904151000 	C:\WINDOWS\SYSTEM32\DBGHELP.DLL
0x00007ff8fdd30000 - 0x00007ff8fdd64000 	C:\WINDOWS\SYSTEM32\dbgcore.DLL
0x00007ff916040000 - 0x00007ff9160c2000 	C:\WINDOWS\System32\bcryptPrimitives.dll
0x00007ff8fd950000 - 0x00007ff8fd960000 	C:\Users\peter\.jdks\ms-21.0.12.1\bin\instrument.dll
0x00007ff8fad00000 - 0x00007ff8fad21000 	C:\Users\peter\.jdks\ms-21.0.12.1\bin\java.dll
0x00007ff917e80000 - 0x00007ff9185f0000 	C:\WINDOWS\System32\SHELL32.dll
0x00007ff913fa0000 - 0x00007ff914745000 	C:\WINDOWS\SYSTEM32\windows.storage.dll
0x00007ff916a00000 - 0x00007ff916d54000 	C:\WINDOWS\System32\combase.dll
0x00007ff915950000 - 0x00007ff91597b000 	C:\WINDOWS\SYSTEM32\Wldp.dll
0x00007ff916d60000 - 0x00007ff916e2d000 	C:\WINDOWS\System32\OLEAUT32.dll
0x00007ff917720000 - 0x00007ff9177cd000 	C:\WINDOWS\System32\SHCORE.dll
0x00007ff9168b0000 - 0x00007ff91690b000 	C:\WINDOWS\System32\shlwapi.dll
0x00007ff915e50000 - 0x00007ff915e74000 	C:\WINDOWS\SYSTEM32\profapi.dll
0x00007ff8ef050000 - 0x00007ff8ef126000 	C:\Users\peter\.jdks\ms-21.0.12.1\bin\jsvml.dll
0x00007ff8fabe0000 - 0x00007ff8fabf8000 	C:\Users\peter\.jdks\ms-21.0.12.1\bin\zip.dll
0x00007ff8f9d90000 - 0x00007ff8f9da1000 	C:\Users\peter\.jdks\ms-21.0.12.1\bin\net.dll
0x00007ff9109d0000 - 0x00007ff910ada000 	C:\WINDOWS\SYSTEM32\WINHTTP.dll
0x00007ff915640000 - 0x00007ff9156aa000 	C:\WINDOWS\system32\mswsock.dll
0x00007ff8f8c70000 - 0x00007ff8f8c86000 	C:\Users\peter\.jdks\ms-21.0.12.1\bin\nio.dll
0x00007ff8fd410000 - 0x00007ff8fd420000 	C:\Users\peter\.jdks\ms-21.0.12.1\bin\verify.dll
0x00007ff8fd140000 - 0x00007ff8fd167000 	C:\Users\peter\.gradle\native\c067742578af261105cb4f569cf0c3c89f3d7b1fecec35dd04571415982c5e48\windows-amd64\native-platform.dll
0x00007ff8e3890000 - 0x00007ff8e39d4000 	C:\Users\peter\.gradle\native\38dada09dfb8b06ba9b0570ebf7e218e3eb74d4ef43ca46872605cf95ebc2f47\windows-amd64\native-platform-file-events.dll
0x00007ff8fce50000 - 0x00007ff8fce5a000 	C:\Users\peter\.jdks\ms-21.0.12.1\bin\management.dll
0x00007ff8fc400000 - 0x00007ff8fc40c000 	C:\Users\peter\.jdks\ms-21.0.12.1\bin\management_ext.dll
0x00007ff9177d0000 - 0x00007ff9177d8000 	C:\WINDOWS\System32\PSAPI.DLL
0x00007ff915830000 - 0x00007ff915848000 	C:\WINDOWS\SYSTEM32\CRYPTSP.dll
0x00007ff914ef0000 - 0x00007ff914f28000 	C:\WINDOWS\system32\rsaenh.dll
0x00007ff915dd0000 - 0x00007ff915dfe000 	C:\WINDOWS\SYSTEM32\USERENV.dll
0x00007ff915850000 - 0x00007ff91585c000 	C:\WINDOWS\SYSTEM32\CRYPTBASE.dll
0x00007ff9152b0000 - 0x00007ff9152eb000 	C:\WINDOWS\SYSTEM32\IPHLPAPI.DLL
0x00007ff917630000 - 0x00007ff917638000 	C:\WINDOWS\System32\NSI.dll
0x00007ff8fc350000 - 0x00007ff8fc359000 	C:\Users\peter\.jdks\ms-21.0.12.1\bin\extnet.dll
0x00007ff8fc130000 - 0x00007ff8fc13e000 	C:\Users\peter\.jdks\ms-21.0.12.1\bin\sunmscapi.dll
0x00007ff9163d0000 - 0x00007ff91652d000 	C:\WINDOWS\System32\CRYPT32.dll
0x00007ff9159c0000 - 0x00007ff9159e7000 	C:\WINDOWS\SYSTEM32\ncrypt.dll
0x00007ff915980000 - 0x00007ff9159bb000 	C:\WINDOWS\SYSTEM32\NTASN1.dll
0x00007ff905fd0000 - 0x00007ff905fd7000 	C:\WINDOWS\system32\wshunix.dll
0x00007ff915140000 - 0x00007ff915173000 	C:\WINDOWS\SYSTEM32\ntmarta.dll
0x00007ff9152f0000 - 0x00007ff9153ba000 	C:\WINDOWS\SYSTEM32\DNSAPI.dll
0x00007ff90aa20000 - 0x00007ff90aa2a000 	C:\Windows\System32\rasadhlp.dll
0x00007ff90ad50000 - 0x00007ff90add0000 	C:\WINDOWS\System32\fwpuclnt.dll
0x00007ff900650000 - 0x00007ff900667000 	C:\WINDOWS\system32\napinsp.dll
0x00007ff900630000 - 0x00007ff90064b000 	C:\WINDOWS\system32\pnrpnsp.dll
0x00007ff900610000 - 0x00007ff90062d000 	C:\WINDOWS\system32\wshbth.dll
0x00007ff9107d0000 - 0x00007ff9107ed000 	C:\WINDOWS\system32\NLAapi.dll
0x00007ff900210000 - 0x00007ff900222000 	C:\WINDOWS\System32\winrnr.dll
0x00007ff912fa0000 - 0x00007ff913034000 	C:\WINDOWS\system32\apphelp.dll

JVMTI agents:
C:\Users\peter\.gradle\wrapper\dists\gradle-8.7-bin\bhs2wmbdwecv87pi65oeuq5iu\gradle-8.7\lib\agents\gradle-instrumentation-agent-8.7.jar path:C:\Users\peter\.jdks\ms-21.0.12.1\bin\instrument.dll, loaded, initialized, instrumentlib options:none

dbghelp: loaded successfully - version: 4.0.5 - missing functions: none
symbol engine: initialized successfully - sym options: 0x614 - pdb path: .;C:\Users\peter\.jdks\ms-21.0.12.1\bin;C:\WINDOWS\SYSTEM32;C:\WINDOWS\WinSxS\amd64_microsoft.windows.common-controls_6595b64144ccf1df_6.0.19041.6456_none_60b8a6cb71f64256;C:\Users\peter\.jdks\ms-21.0.12.1\bin\server;C:\Users\peter\.gradle\native\c067742578af261105cb4f569cf0c3c89f3d7b1fecec35dd04571415982c5e48\windows-amd64;C:\Users\peter\.gradle\native\38dada09dfb8b06ba9b0570ebf7e218e3eb74d4ef43ca46872605cf95ebc2f47\windows-amd64

VM Arguments:
jvm_args: --add-opens=java.base/java.util=ALL-UNNAMED --add-opens=java.base/java.lang=ALL-UNNAMED --add-opens=java.base/java.lang.invoke=ALL-UNNAMED --add-opens=java.prefs/java.util.prefs=ALL-UNNAMED --add-opens=java.base/java.nio.charset=ALL-UNNAMED --add-opens=java.base/java.net=ALL-UNNAMED --add-opens=java.base/java.util.concurrent.atomic=ALL-UNNAMED -Xmx2048m -Dfile.encoding=UTF-8 -Duser.country=AU -Duser.language=en -Duser.variant -javaagent:C:\Users\peter\.gradle\wrapper\dists\gradle-8.7-bin\bhs2wmbdwecv87pi65oeuq5iu\gradle-8.7\lib\agents\gradle-instrumentation-agent-8.7.jar 
java_command: org.gradle.launcher.daemon.bootstrap.GradleDaemon 8.7
java_class_path (initial): C:\Users\peter\.gradle\wrapper\dists\gradle-8.7-bin\bhs2wmbdwecv87pi65oeuq5iu\gradle-8.7\lib\gradle-launcher-8.7.jar
Launcher Type: SUN_STANDARD

[Global flags]
     intx CICompilerCount                          = 3                                         {product} {ergonomic}
     uint ConcGCThreads                            = 1                                         {product} {ergonomic}
     uint G1ConcRefinementThreads                  = 4                                         {product} {ergonomic}
   size_t G1HeapRegionSize                         = 1048576                                   {product} {ergonomic}
    uintx GCDrainStackTargetSize                   = 64                                        {product} {ergonomic}
   size_t InitialHeapSize                          = 134217728                                 {product} {ergonomic}
   size_t MarkStackSize                            = 4194304                                   {product} {ergonomic}
   size_t MaxHeapSize                              = 2147483648                                {product} {command line}
   size_t MaxNewSize                               = 1287651328                                {product} {ergonomic}
   size_t MinHeapDeltaBytes                        = 1048576                                   {product} {ergonomic}
   size_t MinHeapSize                              = 8388608                                   {product} {ergonomic}
    uintx NonNMethodCodeHeapSize                   = 5832780                                {pd product} {ergonomic}
    uintx NonProfiledCodeHeapSize                  = 122912730                              {pd product} {ergonomic}
    uintx ProfiledCodeHeapSize                     = 122912730                              {pd product} {ergonomic}
    uintx ReservedCodeCacheSize                    = 251658240                              {pd product} {ergonomic}
     bool SegmentedCodeCache                       = true                                      {product} {ergonomic}
   size_t SoftMaxHeapSize                          = 2147483648                             {manageable} {ergonomic}
     bool UseCompressedOops                        = true                           {product lp64_product} {ergonomic}
     bool UseG1GC                                  = true                                      {product} {ergonomic}
     bool UseLargePagesIndividualAllocation        = false                                  {pd product} {ergonomic}

Logging:
Log output configuration:
 #0: stdout all=warning uptime,level,tags foldmultilines=false
 #1: stderr all=off uptime,level,tags foldmultilines=false

Release file:
IMPLEMENTOR="Microsoft" 
IMPLEMENTOR_VERSION="Microsoft-14941484" 
JAVA_RUNTIME_VERSION="21.0.12.1+1-LTS" 
JAVA_VERSION="21.0.12.1" 
JAVA_VERSION_DATE="2026-08-18" 
LIBC="default" 
MODULES="java.base java.compiler java.datatransfer java.xml java.prefs java.desktop java.instrument java.logging java.management java.security.sasl java.naming java.rmi java.management.rmi java.net.http java.scripting java.security.jgss java.transaction.xa java.sql java.sql.rowset java.xml.crypto java.se java.smartcardio jdk.accessibility jdk.internal.jvmstat jdk.attach jdk.charsets jdk.internal.opt jdk.zipfs jdk.compiler jdk.crypto.ec jdk.crypto.cryptoki jdk.crypto.mscapi jdk.dynalink jdk.internal.ed jdk.editpad jdk.hotspot.agent jdk.httpserver jdk.incubator.vector jdk.internal.le jdk.internal.vm.ci jdk.internal.vm.compiler jdk.internal.vm.compiler.management jdk.jartool jdk.javadoc jdk.jcmd jdk.management jdk.management.agent jdk.jconsole jdk.jdeps jdk.jdwp.agent jdk.jdi jdk.jfr jdk.jlink jdk.jpackage jdk.jshell jdk.jsobject jdk.jstatd jdk.localedata jdk.management.jfr jdk.naming.dns jdk.naming.rmi jdk.net jdk.nio.mapmode jdk.random jdk.sctp jdk.security.auth jdk.security.jgss jdk.unsupported jdk.unsupported.desktop jdk.xml.dom" 
OS_ARCH="x86_64" 
OS_NAME="Windows" 
SOURCE=".:git:6f26c6b2b098" 

Environment Variables:
PATH=C:\Program Files\Mozilla Firefox;C:\Program Files (x86)\Common Files\Oracle\Java\java8path;C:\Program Files (x86)\Common Files\Oracle\Java\javapath;C:\WINDOWS\system32;C:\WINDOWS;C:\WINDOWS\System32\Wbem;C:\WINDOWS\System32\WindowsPowerShell\v1.0\;C:\WINDOWS\System32\OpenSSH\;D:\Program Files\PuTTY\;C:\Program Files\dotnet\;D:\Program Files\Calibre2\;D:\Program Files (x86)\Openport;C:\Program Files\nodejs\;C:\Users\peter\AppData\Local\Microsoft\WindowsApps;C:\Users\peter\AppData\Local\GitHubDesktop\bin;C:\Users\peter\AppData\Local\Programs\VSCodium\bin;d:\Program Files (x86)\Nmap;C:\Users\peter\AppData\Roaming\npm
USERNAME=peter
OS=Windows_NT
PROCESSOR_IDENTIFIER=Intel64 Family 6 Model 42 Stepping 7, GenuineIntel
TMP=C:\Users\peter\AppData\Local\Temp
TEMP=C:\Users\peter\AppData\Local\Temp




Periodic native trim disabled

---------------  S Y S T E M  ---------------

OS:
 Windows 10 , 64 bit Build 19041 (10.0.19041.5915)
OS uptime: 0 days 1:41 hours

CPU: total 4 (initial active 4) (4 cores per cpu, 1 threads per core) family 6 model 42 stepping 7 microcode 0x2f, cx8, cmov, fxsr, mmx, sse, sse2, sse3, ssse3, sse4.1, sse4.2, popcnt, tsc, tscinvbit, avx, aes, clmul, vzeroupper, clflush, rdtscp
Processor Information for the first 4 processors :
  Max Mhz: 3301, Current Mhz: 3301, Mhz Limit: 3301

Memory: 4k page, system-wide physical 8103M (1020M free)
TotalPageFile size 17383M (AvailPageFile size 7849M)
current process WorkingSet (physical memory assigned to process): 956M, peak: 956M
current process commit charge ("private bytes"): 1071M, peak: 1073M

vm_info: OpenJDK 64-Bit Server VM (21.0.12.1+1-LTS) for windows-amd64 JRE (21.0.12.1+1-LTS), built on 2026-08-11T20:50:01Z by "MicrosoftCorporation" with MS VC++ 17.14 (VS2022)

END.
